'14',,'nl',,'17-10-2011 20:50:25','17-10-2011 20:50:25','62.194.149.59','-','4','58','2','2',,'4',,,,,,,,,,,,,,,,,,,,,,,,,,,,,,,,,,,,,,,,,,,,,,,,,,,,,,,,,,,,,,,,,,,,,,,,,,,,,,,,,,,,,,,,,,,,,,,,,,,,,,,,,,,,,,,,,,,,,,,,,,,,,,,,,,,,,,,,,,,,,,,,,,,,,,,,,,,,,,,,,,
'12',,'nl',,'07-10-2011 23:03:07','07-10-2011 22:59:30','145.53.132.97','-','2','37','1','7',,'6',,'5.5',,,,,,,,,'6.5','5.5',,,,,,,'6','6','7',,,,,,,,,,,,,,,,,,,'6.5',,,,,,,,,,,,,,,,,,,,,,,,,,,,,,,,,,,,,,,,,,,,,,,,,,,,,,,,,,,,,,,,,,,,,,,,,,,,,,,,,,,,,,,,,,,,,,,,,,,,,,,,,,,,,,,,,,,,,,,,,,
'13','17-10-2011 11:25:29','nl',,'17-10-2011 11:25:29','17-10-2011 11:08:21','130.37.210.210','-','3','32','1','7',,'6',,,'4',,,,,,,,,,'4','8',,,,,,,,'4','6','8',,,,,,,,,,,,,,,,,'6.1',,'6','7',,,,,,,,,,,,,,,,,,,,,,,,,,'5','7','8','4','5','4','4','4','4','2','4','5','4','4','2','5','00:05:09','4','3','Erg algemeen terwijl ik me afvraag of dit voor elk gedrag geldt en voor welke doelgroepen? Ik vraag me af of er niet verschillende methoden per doelgroep/gewenst gedrag zijn. Verder mis ik tools/methoden om de gedragsveranderingen te bereiken. Wat werkt wel en wat niet?','6',,,,,,,,'4','7',,,,,,,,,,,,,,,,,,,,,,,,'5','5','8',,,'5',,,,,,,,,,,,'5','6',,,,,,,,,,,,'5','6','4',,,,,,,
'11','07-10-2011 15:36:16','nl',,'07-10-2011 15:36:16','07-10-2011 15:01:23','85.90.69.35','-','4','38','1','1',,'1',,,,'5',,,,,,,,,,,'6','8',,,,,,,,,'2','7','7.5',,,,,,,,,,,,,,,'6.6',,,'5.5','5.5',,,,,,,,,'4.1','5.5','8.4',,,,,,,,,,,,,,,,'5','5','4','3','4','3','2','4','3','3','2','2','5','00:07:38','4','5',,'5.7',,,,,,,,'2.5','3.9',,,,,,,,,,,,,,,,,,,,,,,,'6','4','7.8',,,'2.1',,,,,,,,,,,,'3.3','5.1',,,,,,,,,,,,'5.4','10','3.5',,,,,,,
'15','18-10-2011 10:03:04','nl',,'18-10-2011 10:03:04','18-10-2011 08:58:56','85.90.69.35','-','5','25','1','2',,'1',,,,,'7.5',,,,,,,,,,,,'2','7.8',,,,,,,,,,'6','7.5','2.2',,,,,,,'3',,,,,,,,,,'5.1','7.3',,,,,,,,,,'2.5','8','7.3',,,,,,,,,,,,,'5','4','4','3','2','3','2','4','3','3','2','2','4','00:09:32','4','4','De ''wat wel te doen'' sectie lijkt enigszins eenzijdig. Ik vraag me af of het goed is om aan te raden om in principe bij gedragsveranderingsinterventies altijd een model te kiezen. Buiten het feit dat ik twijfel of er niet ook andere even goede methoden kunnen zijn in sommige gevallen, denk ik dat het voor veel interventieontwikkelaars, onderzoekers etc. moeilijk is om een goed model te kiezen waar de doelgroep zich ook daadwerkelijk mee identificeert.','7.4',,,,,,,,'2.5','7.5',,,,,,,,,,,,,,,,,,,,,,,,'7.5','2.6','7.1',,,'3.9',,,,,,,,,,,,'4.3','4',,,,,,,,,,,,'4.2','8','5.5',,,,,,,
'16','18-10-2011 11:07:24','nl',,'18-10-2011 11:07:24','18-10-2011 10:43:15','92.67.145.138','-','6','34','2','1',,'1',,,,,,'1','2.1','7',,,,,,,,,,,,,,,,,,,,,,,'3.1','1','8.4',,,,,'1',,,,,,,,,,,'8','2',,,,,,,,,,,'1','5.5','9',,,,,,,,,,'4','5','5','2','3','2','1','2','2','2','4','2','5','00:05:29','5','5',,'3.4',,,,,,,,'1','4',,,,,,,,,,,,,,,,,,,,,,,,'3.6','1','8.8',,,'1',,,,,,,,,,,,'1','1',,,,,,,,,,,,'1','7.5','1.4',,,,,,,
'17','18-10-2011 13:45:49','nl',,'18-10-2011 13:45:49','18-10-2011 13:22:10','87.212.145.42','-','7','46','1','1',,'1','5',,,,,,,,'3','5',,,,,,,,,,,,,,,,,,,,,,,,'6.5','1','8',,,'4',,,,,,,,,,,,'6.3','7.2',,,,,,,,,,,,'8.4','6.6','1.5',,,,,,,'5','5','5','3','4','2','1','1','4','4','3','1','5','00:03:36','5','5',,,'1',,,,,,,,,'5','1',,,,,,,'8.5','5.6','7.5',,,,,,,,,,,,,,,,,,,'6.1',,,,,,,,,,,,,'8.5','1',,,,,,,,,,,,,'1','3.9','9',,,,
'18','19-10-2011 11:30:08','nl',,'19-10-2011 11:30:08','19-10-2011 11:07:20','92.67.145.138','-','8','31','1','1',,'1',,'6.6',,,,,,,,,'2.2','8.5',,,,,,,'6','1.8','9',,,,,,,,,,,,,,,,,,,'2.1',,,,,,,,,,,,,'1.7','7.2',,,,,,,,,,,,,'2.9','8.7','7.5',,,,'5','5','4','4','4','2','1','4','4','1','1','1','5','00:06:18','4','4','Ik denk dat emotionele boodschappen wel degelijk de aandacht trekken. Zou je ze dus niet als trigger kunnen gebruiken? Zeker bij jongeren in de puberteit waarbij de prefrontale cortex nog onvoldoende is ontwikkeld om ´verstandige´ en planmatige beslissingen te maken. Juist zij reageren vaak impulsief, kunnen we daar niet op inspelen door onze boodschap aan de buitenkant emotioneel te laden? Hebben we eenmaal hun aandacht, dan laten we de de shocherende manier van overtuigen los en gaan we over op de methode die jullie voorstellen.',,'1.2',,,,,,,,,'7.1','1.5',,,,,,,'7','7.5','8',,,,,,,,,,,,,,,,,,,'3.7',,,,,,,,,,,,,'8','1.7',,,,,,,,,,,,,'2.2','2.2','8.4',,,,
'19','19-10-2011 12:33:40','nl',,'19-10-2011 12:33:40','19-10-2011 12:01:56','92.67.145.138','-','9','34','1','1',,'1',,,'1.1',,,,,,,,,,'8.5','1.1',,,,,,,,'4.9','6.4','8.9',,,,,,,,,,,,,,,,,'8',,'4.3','7.5',,,,,,,,,,,,,,,,,,,,,,,,,,'5.3','1','8.9','5','5','4','2','4','4','3','2','4','2','1','2','5','00:05:47','5','5',,,'1.1',,,,,,,,,'4.9','1.2',,,,,,,'3.8','3.9','8.4',,,,,,,,,,,,,,,,,,,'1.2',,,,,,,,,,,,,'5.9','1.2',,,,,,,,,,,,,'4.1','1.1','8.8',,,,
'20','19-10-2011 17:24:42','nl',,'19-10-2011 17:24:42','19-10-2011 16:15:04','85.90.69.35','-','10','59','2','1',,'1',,,,'6.9',,,,,,,,,,,'7.7','7.2',,,,,,,,,'5.4','7.8','6.5',,,,,,,,,,,,,,,'6.1',,,'4.9','5.1',,,,,,,,,'5.3','6.9','7.1',,,,,,,,,,,,,,,,'5','4','4','5','4','2','2','2','4','2','2','1','5','00:12:51','5','4','Zou bekiende auteurs of sporters niet helemaal uit willen sluiten',,'4.7',,,,,,,,,'4.3','4',,,,,,,'6.2','5.9','6.9',,,,,,,,,,,,,,,,,,,'4.5',,,,,,,,,,,,,'7.1','4.9',,,,,,,,,,,,,'4.1','5.3','6.3',,,,
'21','20-10-2011 09:38:06','nl',,'20-10-2011 09:38:06','20-10-2011 09:10:11','92.67.145.138','-','11','29','2','1',,'1',,,,,'7',,,,,,,,,,,,'7','8.5',,,,,,,,,,'8','7','7',,,,,,,'6',,,,,,,,,,'5','7',,,,,,,,,,'6','7','8',,,,,,,,,,,,,'5','5','5','5','3','2','2','3','4','2','3','2','5','00:07:06','5','5',,,'5',,,,,,,,,'5.5','5',,,,,,,'7.5','5','8',,,,,,,,,,,,,,,,,,,'5',,,,,,,,,,,,,'6','5',,,,,,,,,,,,,'5','5','8',,,,
'22','20-10-2011 21:08:06','nl',,'20-10-2011 21:08:06','20-10-2011 20:24:32','212.123.200.82','-','12','33','1','2',,'1',,,,,,'1.5','3.5','8',,,,,,,,,,,,,,,,,,,,,,,'3.5','6.5','8',,,,,'4',,,,,,,,,,,'5','3',,,,,,,,,,,'1.5','7','7.5',,,,,,,,,,'5','5','4','3','4','4','2','4','2','1','1','2','5','00:11:17','5','5',,,'1.5',,,,,,,,,'3.5','1.5',,,,,,,'6.5','4','6',,,,,,,,,,,,,,,,,,,'4',,,,,,,,,,,,,'8','1.5',,,,,,,,,,,,,'1.5','2','8',,,,
'23','21-10-2011 14:21:02','nl',,'21-10-2011 14:21:02','21-10-2011 13:33:53','212.104.214.35','-','1','41','1','1',,'1','5.5',,,,,,,,'5.5','7',,,,,,,,,,,,,,,,,,,,,,,,'7','4','8.5',,,'5.5',,,,,,,,,,,,'5','7',,,,,,,,,,,,'7','5','5.7',,,,,,,'5','5','4','4','4','3','1','2','2','2','2','2','5','00:07:20','5','5',,'6',,,,,,,,'5','7',,,,,,,,,,,,,,,,,,,,,,,,'6.4','5','8',,,'4.5',,,,,,,,,,,,'5','5.6',,,,,,,,,,,,'5.2','7.5','5',,,,,,,
'24','23-10-2011 16:28:24','nl',,'23-10-2011 16:28:24','23-10-2011 16:03:49','77.168.184.124','-','2','55','2','4',,'5',,'3.4',,,,,,,,,'7.8','6.5',,,,,,,'7.5','6.5','7.5',,,,,,,,,,,,,,,,,,,'7.5',,,,,,,,,,,,,'5.9','7.5',,,,,,,,,,,,,'5.9','8','6.6',,,,'5','4','2','4','4','3','2','4','4','4','3','4','4','00:08:21','4','3','Ik denk dat de effectieve interventie ook afhankelijk is van de leeftijd. Globaal de volgende te onderscheiden fasen: kinderen, pubers, jong-volwassenen, volwassenen','8',,,,,,,,'5.7','7.5',,,,,,,,,,,,,,,,,,,,,,,,'7.5','5.8','8.2',,,'6',,,,,,,,,,,,'6.5','6.6',,,,,,,,,,,,'6.5','8','7',,,,,,,
'25','24-10-2011 08:42:37','nl',,'24-10-2011 08:42:37','24-10-2011 08:23:36','92.69.141.222','-','3','43','1','-oth-','kennisinstituut ohgv verkeer en vervoer','3',,,'5.5',,,,,,,,,,'7','5',,,,,,,,'5','7','8',,,,,,,,,,,,,,,,,'5',,'5','8',,,,,,,,,,,,,,,,,,,,,,,,,,'7','5','8','5','5','4','1','3','2','1','5','3','1','5','1','5','00:05:52','5','5',,'7.5',,,,,,,,'4','8',,,,,,,,,,,,,,,,,,,,,,,,'7','4','8',,,'4',,,,,,,,,,,,'7','5',,,,,,,,,,,,'7.1','8','6',,,,,,,
'26','24-10-2011 11:08:14','nl',,'24-10-2011 11:08:14','24-10-2011 09:56:55','92.67.145.138','-','4','31','1','1',,'6',,,,'7',,,,,,,,,,,'6.3','6.7',,,,,,,,,'6.5','6.5','7.5',,,,,,,,,,,,,,,'6.5',,,'6.5','7.5',,,,,,,,,'7','6.5','8',,,,,,,,,,,,,,,,'4','4','4','4','4','2','2','2','2','1','2','2','4','00:05:20','4','5',,'6.5',,,,,,,,'5','6.5',,,,,,,,,,,,,,,,,,,,,,,,'6.5','5','7.5',,,'5',,,,,,,,,,,,'5','5',,,,,,,,,,,,'5','8','6',,,,,,,
'27','24-10-2011 11:57:13','nl',,'24-10-2011 11:57:13','24-10-2011 11:39:27','212.104.214.35','-','5','33','1','1',,'1',,,,,'6.2',,,,,,,,,,,,'2','8.5',,,,,,,,,,'8','6','3',,,,,,,'6',,,,,,,,,,'7','6',,,,,,,,,,'3','4.5','8',,,,,,,,,,,,,'5','5','4','5','3','3','1','1','1','2','1','1','5','00:03:08','5','5',,'4',,,,,,,,'1.5','5',,,,,,,,,,,,,,,,,,,,,,,,'6','1.5','8',,,'1.5',,,,,,,,,,,,'2.5','2.5',,,,,,,,,,,,'3','8.5','5',,,,,,,
'28',,'nl',,'24-10-2011 13:26:06','24-10-2011 13:12:05','95.97.12.163','-','6','49','1','-oth-','eigen bedrijf','1',,,,,,'5.6','5.6','6.1',,,,,,,,,,,,,,,,,,,,,,,'4.6','5.9','7',,,,,,,,,,,,,,,,,,,,,,,,,,,,,,,,,,,,,,,,,,,,,,,,,,,,,,,,,,,,,,,,,,,,,,,,,,,,,,,,,,,,,,,,,,,,,,,,,,,,,,,,,,,,,,,,,,,,,,,,,,,,,,,,,
'29','27-10-2011 17:59:58','nl',,'25-10-2011 22:12:12','25-10-2011 21:31:38','213.208.213.5','-','7','47','2','1',,'6','5.1',,,,,,,,'3','6',,,,,,,,,,,,,,,,,,,,,,,,'4.9','3.6','7.2',,,'2.5',,,,,,,,,,,,'5.5','8',,,,,,,,,,,,'6','7','4.5',,,,,,,'5','4','4','5','5','4','1','3','4','4','2','1','5','00:23:03','4','1','Hieruit kan niet geconcludeerd worden dat emotionele of confronterende campagnes geen nut kunnen hebben binnen een breder gezondheids- (bijv. tabaks-) beleid. Binnen de (public health) populatiebenadering is het cruciaal om normen te veranderen binnen de hele populatie (niet de hoog-risico groep). De info uit de reviews is voornamelijk afkomstig uit psychologische experimenten bij indidivuen (vaak studenten) die niet gemotiveerd zijn hun gedrag te veranderen. Dan treden defensieve reacties op. Maar binnen de brede populatie zijn juist veel mensen te vinden die (in meer of mindere mate wel) open staan voor de boodschap. Bijv. bij roken is het slechts een kleine minderheid die aangeeft nooit te willen stoppen met roken. Voor de brede populatie heb je soms wel confronterende campagnes nodig om enige impact te kunnen hebben. De impact is dan vooral agenda-settend, norm veranderend (bijv. roken denormaliseren) en ondersteunend aan een bredere aanpak met regelgeving en hulpverlening. Mogelijke negatieve effecten bij een kleine groep (die er zeker zullen zijn) mogen geen reden zijn om te proberen bij de grote groep effecten te bereiken. En klein effect bij een grote groep heeft een grotere popualtie-impact dan een groot effect bij een kleine risicogroep die je intensief zou willen benaderen (wat natuurlijk vanuit individueel, psycholgoisch perspecteif atlijd te verkiezen is). Dit is een oeroude discussie binnen de public health, maar ik wil het toch nog even inbrengen, omdat ik van mening ben dat er soms te eenzijdig en zuur gedaan wordt over ''angstaanjagende'' voorlichting. Dit heeft er deels toe geleid dat wij inmiddels in Nederland een enorme achterstand hebben ten opzichte van zo''n beetje de rest van de wereld als het gaat om collectief bewustzijn van de ernst van de schade door het roken en meeroken (zie resultaten ITC studie, ook van de UM). Camapgnes zijn taboe verklaard. Hierdoor wordt effectieve wet- en regelgeving t.a.v. tabak moeijlijker. En dat is dan weer koren op de molen van de tabaksindustrie. Er zit dus ook nog eens een politieke kant aan....',,'5.7',,,,,,,,,'3.5','5.7',,,,,,,'8.1','6.3','8.4',,,,,,,,,,,,,,,,,,,'4.6',,,,,,,,,,,,,'7.1','6.1',,,,,,,,,,,,,'4.5','5.5','7.5',,,,
'30',,'nl',,'26-10-2011 09:25:49','26-10-2011 09:18:33','83.80.68.69','-','8','51','1','1',,'2',,'6.5',,,,,,,,,'8','8',,,,,,,'5.6','6','6.3',,,,,,,,,,,,,,,,,,,'7.5',,,,,,,,,,,,,'6.1','6.5',,,,,,,,,,,,,,,,,,,,,,,,,,,,,,,,,,,,,,,,,,,,,,,,,,,,,,,,,,,,,,,,,,,,,,,,,,,,,,,,,,,,,,,,,,,,,,,,,,,,,,,,,,,,
'31','26-10-2011 12:45:05','nl',,'26-10-2011 12:45:05','26-10-2011 12:09:46','62.194.149.59','-','9','58','2','2',,'4',,,'2.5',,,,,,,,,,'7','2',,,,,,,,'2.5','6','8',,,,,,,,,,,,,,,,,'6.5',,'5.6','7.5',,,,,,,,,,,,,,,,,,,,,,,,,,'6','3','7.8','4','5','5','4','4','4','2','4','4','4','4','2','4','00:19:43','1','4','Ik twijfel over het soort rolmodel tw acteur, sporter, artiest; ben er niet van overtuigd dat deze modellen iedereen aanspreken. Mooiste voorbeeld is Maradonna die in een anti-coke filmpje optreedt. Opteer zelf eerder voor een lid van de doelgroep die rolmodel is.',,'2',,,,,,,,,'4','2',,,,,,,'6.5','4.2','7.8',,,,,,,,,,,,,,,,,,,'5.7',,,,,,,,,,,,,'6.5','2.5',,,,,,,,,,,,,'3','2','6.5',,,,
'32',,'nl',,'26-10-2011 12:37:50','26-10-2011 12:36:42','194.123.136.109','-','10','65','1','-oth-','landelijk kenniscentrum migranten en gezondheid','4',,,,,,,,,,,,,,,,,,,,,,,,,,,,,,,,,,,,,,,,,,,,,,,,,,,,,,,,,,,,,,,,,,,,,,,,,,,,,,,,,,,,,,,,,,,,,,,,,,,,,,,,,,,,,,,,,,,,,,,,,,,,,,,,,,,,,,,,,,,,,,,,,,,,,,,,,,,,,,,,,,
'33','26-10-2011 14:33:54','nl',,'26-10-2011 14:33:54','26-10-2011 14:07:26','87.233.151.2','-','11','62','1','-oth-','SIRE, Stichting Ideële Reclame','4',,,,,'4',,,,,,,,,,,,'6.5','7',,,,,,,,,,'7.5','5.5','5',,,,,,,'7',,,,,,,,,,'5','5',,,,,,,,,,'4.5','6.5','7.5',,,,,,,,,,,,,'4','4','4','3','3','4','2','4','2','4','2','2','4','00:07:12','4','4',,,'5',,,,,,,,,'6.5','7',,,,,,,'7','7.5','6',,,,,,,,,,,,,,,,,,,'6.5',,,,,,,,,,,,,'7','4.5',,,,,,,,,,,,,'4.5','6','6.5',,,,
'34','26-10-2011 16:32:19','nl',,'26-10-2011 16:32:19','26-10-2011 16:03:51','83.163.55.250','-','12','45','2','1',,'2',,,,,,'3','5.5','6',,,,,,,,,,,,,,,,,,,,,,,'5','6','7.5',,,,,'4',,,,,,,,,,,'6.5','3',,,,,,,,,,,'5','5','6',,,,,,,,,,'5','4','5','3','4','4','2','2','2','2','2','2','4','00:08:46','3','4','drempels kunnen per individu sterk uiteenlopen',,'4',,,,,,,,,'4','5',,,,,,,'6','5.5','8',,,,,,,,,,,,,,,,,,,'3',,,,,,,,,,,,,'5.5','4',,,,,,,,,,,,,'5','4.7','7.7',,,,
'35',,'nl',,'26-10-2011 17:10:59','26-10-2011 17:07:34','213.208.213.5','-','1','47','2','1',,'6','5.6',,,,,,,,'4.5','6.6',,,,,,,,,,,,,,,,,,,,,,,,'5.9','5.1','7.3',,,'3.5',,,,,,,,,,,,'5.6','7.1',,,,,,,,,,,,,,,,,,,,,,,,,,,,,,,,,,,,,,,,,,,,,,,,,,,,,,,,,,,,,,,,,,,,,,,,,,,,,,,,,,,,,,,,,,,,,,,,,,,,,,,,,,,,,,
'36',,'nl',,'27-10-2011 08:46:59','27-10-2011 08:42:48','84.241.213.158','-','2','44','1','-oth-','Nederlandse hartstichting','2',,'5.6',,,,,,,,,,,,,,,,,,,,,,,,,,,,,,,,,,,,,,,,,,,,,,,,,,,,,,,,,,,,,,,,,,,,,,,,,,,,,,,,,,,,,,,,,,,,,,,,,,,,,,,,,,,,,,,,,,,,,,,,,,,,,,,,,,,,,,,,,,,,,,,,,,,,,,,,,,,,,,,,
'37',,'nl',,'27-10-2011 10:52:37','27-10-2011 10:52:04','137.120.245.46','-',,'99','1','-oth-','TESTENTRY!!!','2',,,,,,,,,,,,,,,,,,,,,,,,,,,,,,,,,,,,,,,,,,,,,,,,,,,,,,,,,,,,,,,,,,,,,,,,,'1','1','1','1','1','1','1','1','1','1','1','1','1','00:00:08','1','1','TESTENTRY!',,,,,,,,,,,,,,,,,,,,,,,,,,,,,,,,,,,,,,,,,,,,,,,,,,,,,,,,,,,,,,,,,,,,,,,,,
'38','27-10-2011 13:50:59','nl',,'27-10-2011 13:50:59','27-10-2011 13:18:26','212.187.31.20','-','4','53','1','3',,'7',,,,'8',,,,,,,,,,,'5','8',,,,,,,,,'8','9.1','5.1',,,,,,,,,,,,,,,'5',,,'5','8.9',,,,,,,,,'6.1','6.1','9',,,,,,,,,,,,,,,,'5','5','4','4','4','3','1','4','5','2','4','3','5','00:05:02','5','5',,'7',,,,,,,,'2.8','9',,,,,,,,,,,,,,,,,,,,,,,,'9.1','2.6','9.2',,,'7',,,,,,,,,,,,'6','9',,,,,,,,,,,,'9.1','8.6','5.2',,,,,,,
'39','28-10-2011 09:51:39','nl',,'28-10-2011 09:51:39','28-10-2011 09:34:10','81.30.37.37','-','5','38','1','-oth-','Gezondheids Fonds','2',,,,,'7',,,,,,,,,,,,'4.8','7.4',,,,,,,,,,'8.1','3.9','3.8',,,,,,,'5.6',,,,,,,,,,'7.1','6.9',,,,,,,,,,'4.5','6.7','8.2',,,,,,,,,,,,,'4','5','5','3','4','4','1','4','3','2','3','2','4','00:03:34','5','5',,'5.2',,,,,,,,'3.5','7.3',,,,,,,,,,,,,,,,,,,,,,,,'7.3','3.6','7.6',,,'6.2',,,,,,,,,,,,'7.2','2.4',,,,,,,,,,,,'4.9','4.5','4.4',,,,,,,
'40','28-10-2011 10:24:05','nl',,'28-10-2011 10:24:05','28-10-2011 09:56:45','83.85.22.86','-','6','47','1','-oth-','een hogeschool','1',,,,,,'2','6','6.5',,,,,,,,,,,,,,,,,,,,,,,'6.5','6.5','5.6',,,,,'4.5',,,,,,,,,,,'6','5.8',,,,,,,,,,,'6','6.7','7.5',,,,,,,,,,'5','5','3','4','4','3','2','4','4','4','3','2','5','00:08:40','4','3','Emoties zijn niet per definitie negatief en bedreigend. Geluk (zoals jullie zelf in het scenario schetsen) is ook een emotie! Ik heb daardoor met name moeite met de woordkeus. De informatie biedt in mijn ogen overigens weinig nieuws: dit wisten we toch wel?!In de tot nu toe beschreven interventies mis ik de context en het gegeven dat we in de praktijk altijd streven naar een mix van interventies: alleen een ouderavond heeft weinig zin. Er moet meer gebeuren (bv. ook iets voor de leerlingen, een website waarop ouders/leerlingen kunnen reageren). Er wordt nu teveel accent gelegd op losse elemenenten. Die zijn lastig te beoordelen zonder context.','7',,,,,,,,'5','6.5',,,,,,,,,,,,,,,,,,,,,,,,'6','3','8',,,'5.5',,,,,,,,,,,,'5.6','5',,,,,,,,,,,,'6','7.5','3',,,,,,,
'41','28-10-2011 12:41:40','nl',,'28-10-2011 12:41:40','28-10-2011 12:21:38','46.129.125.172','-','7','66','2','6',,'3','6.5',,,,,,,,'7.5','4.5',,,,,,,,,,,,,,,,,,,,,,,,'6.5','4.5','7.5',,,'7',,,,,,,,,,,,'6','7',,,,,,,,,,,,'6.5','5','6.5',,,,,,,'4','5','4','4','4','3','2','4','4','2','3','2','4','00:05:35','4','3','Sommige angstaanjagende informatie kan heel effectief zijn, als er maar een relatief simpele methode voorhanden is om de bedreiging te minimaliseren. In die zijn zijn de bevindingen te algemeen gesteld.',,'7.5',,,,,,,,,'7.5','6.5',,,,,,,'6','6.5','5.5',,,,,,,,,,,,,,,,,,,'7',,,,,,,,,,,,,'6','6',,,,,,,,,,,,,'5.5','6.5','5.5',,,,
'42',,'nl',,'28-10-2011 12:47:48','28-10-2011 12:41:41','145.117.9.54','-','7','37','1','7',,'6','4',,,,,,,,'6.1','6',,,,,,,,,,,,,,,,,,,,,,,,'6.4','4.3','7',,,'5.5',,,,,,,,,,,,'5.8','7',,,,,,,,,,,,'6.8','5.6','4.8',,,,,,,,,,,,,,,,,,,,,,,,,,,,,,,,,,,,,,,,,,,,,,,,,,,,,,,,,,,,,,,,,,,,,,,,,,,,,,,,,,,,,,,,,,,,,,,,
'43','28-10-2011 16:17:32','nl',,'28-10-2011 16:17:32','28-10-2011 15:53:39','83.80.68.69','-','9','67','2','-oth-','emeritaat, nog veel functies betreffende zorginnovatie','1',,,'3.2',,,,,,,,,,'8.5','3.5',,,,,,,,'3.4','6.7','8.4',,,,,,,,,,,,,,,,,'3.5',,'3.8','3.8',,,,,,,,,,,,,,,,,,,,,,,,,,'5.5','3.9','7.3','4','4','4','5','4','2','2','4','2','1','2','2','5','00:03:07','5','4',,,'4.3',,,,,,,,,'7.9','4.2',,,,,,,'7.8','4.9','6.5',,,,,,,,,,,,,,,,,,,'2.6',,,,,,,,,,,,,'7.3','4.8',,,,,,,,,,,,,'2.6','4.6','7.9',,,,
'44',,'nl',,'28-10-2011 16:04:07','28-10-2011 16:01:31','188.204.182.254','-','10','39','1','2',,'6',,,,'3.3',,,,,,,,,,,,,,,,,,,,,,,,,,,,,,,,,,,,,,,,,,,,,,,,,,,,,,,,,,,,,,,,,,,,,,,,,,,,,,,,,,,,,,,,,,,,,,,,,,,,,,,,,,,,,,,,,,,,,,,,,,,,,,,,,,,,,,,,,,,,,,,,,,,,,,,,,,,,,,
'45','01-11-2011 11:38:27','nl',,'01-11-2011 11:38:27','28-10-2011 16:18:58','81.206.80.177','-','11','68','1','-oth-','ZZP er','1',,,,,'7.3',,,,,,,,,,,,'2','7.3',,,,,,,,,,'6.2','8.6','2.8',,,,,,,'7.6',,,,,,,,,,'7.9','6.5',,,,,,,,,,'5','8','7',,,,,,,,,,,,,'4','4','4','2','3','2','2','2','2','2','2','2','3','00:02:37','4','5',,,'2.6',,,,,,,,,'8','4.1',,,,,,,'7.8','6','8',,,,,,,,,,,,,,,,,,,'7.8',,,,,,,,,,,,,'8.1','3.9',,,,,,,,,,,,,'5.6','4.1','7.2',,,,
'46','31-10-2011 11:42:05','nl',,'31-10-2011 11:42:05','28-10-2011 16:49:57','137.224.252.10','-','12','47','1','7',,'6',,,,,,'5.2','3.5','5',,,,,,,,,,,,,,,,,,,,,,,'3.8','5.1','4.5',,,,,'4.3',,,,,,,,,,,'5.5','5.5',,,,,,,,,,,'5.9','5.9','6.7',,,,,,,,,,'4','5','4','4','4','4','2','4','2','1','2','1','3','00:14:23','4','2','Alle gegeven informatie is vooral gericht op het verstrekken van informatie aan de doelgoep. Interactie, en participatie van de doelgroep komen niet/nauwelijks aan bod. Ook wordt er iets over vaardigheden gezegd in de conclusie, terwijl dit niet voortvloeit uit de informatie.',,'4.8',,,,,,,,,'4','4.8',,,,,,,'4.7','5.1','5.2',,,,,,,,,,,,,,,,,,,'5.6',,,,,,,,,,,,,'3.9','4',,,,,,,,,,,,,'2.6','3.7','5.5',,,,
'47',,'nl',,'28-10-2011 18:08:21','28-10-2011 18:07:19','84.243.207.45','-','1','39','1','2',,'1','2',,,,,,,,,,,,,,,,,,,,,,,,,,,,,,,,,,,,,,,,,,,,,,,,,,,,,,,,,,,,,,,,,,,,,,,,,,,,,,,,,,,,,,,,,,,,,,,,,,,,,,,,,,,,,,,,,,,,,,,,,,,,,,,,,,,,,,,,,,,,,,,,,,,,,,,,,,,,,,,,,
'48',,'nl',,'29-10-2011 19:39:54','29-10-2011 19:39:54','145.53.17.231','-','2','50','1','-oth-','ZZp: Daemen Motivatie en Training','2',,,,,,,,,,,,,,,,,,,,,,,,,,,,,,,,,,,,,,,,,,,,,,,,,,,,,,,,,,,,,,,,,,,,,,,,,,,,,,,,,,,,,,,,,,,,,,,,,,,,,,,,,,,,,,,,,,,,,,,,,,,,,,,,,,,,,,,,,,,,,,,,,,,,,,,,,,,,,,,,,,
'49',,'nl',,'30-10-2011 10:00:52','30-10-2011 09:49:22','212.78.210.94','-','3','52','2','-oth-','geintegreerde geestelijke gezondheids organisatie','4',,,'4',,,,,,,,,,'7','4.5',,,,,,,,'4','7.5','7',,,,,,,,,,,,,,,,,'6',,'5','6.5',,,,,,,,,,,,,,,,,,,,,,,,,,'6.5','5','7.5','4','2','4','4','4','2','2','4','4','4','2','2','4','00:03:27','4','3','het ontbreken van achergronden welke achter deze informatie zit',,,,,,,,,,,,,,,,,,,,,,,,,,,,,,,,,,,,,,,,,,,,,,,,,,,,,,,,,,,,,,,,,,,,,,,,,
'50','30-10-2011 13:43:18','nl',,'30-10-2011 13:43:18','30-10-2011 13:21:49','80.61.68.187','-','4','48','1','5',,'4',,,,'5.6',,,,,,,,,,,'1.7','7.3',,,,,,,,,'7.9','5.6','8.5',,,,,,,,,,,,,,,'8.5',,,'8.2','5.5',,,,,,,,,'2.6','6.9','8.7',,,,,,,,,,,,,,,,'4','5','4','2','3','3','1','4','4','2','2','2','4','00:04:25','3','3','Dit is wel een hele lap tekst met een hoog wetenschappelijk gehalte. Lappen tekst zijn niet meer van deze tijd. Ik zou dit soort informatie via een filmpje oid aanbieden.','8.4',,,,,,,,'2.7','8.1',,,,,,,,,,,,,,,,,,,,,,,,'3','5.8','9.5',,,'5.3',,,,,,,,,,,,'6','6',,,,,,,,,,,,'6.9','8.1','7.7',,,,,,,
'51','31-10-2011 09:19:39','nl',,'31-10-2011 09:19:39','31-10-2011 08:54:24','193.172.33.194','-','5','42','1','2',,'1',,,,,'8',,,,,,,,,,,,'3','8',,,,,,,,,,'8.5','7','5.5',,,,,,,'7',,,,,,,,,,'5.5','7.5',,,,,,,,,,'5','6','7.5',,,,,,,,,,,,,'5','5','4','4','4','3','2','3','3','2','1','1','3','00:10:05','3','3','Het gebruik van rolmodellen kan wel werken, als de afstand niet te groot is. Dus bv. niet George Clooney, maar Ali B. Het inroepen van experts is niet voor iedereen weggelegd, soms is dit juist een drempel. De (in te roepen)expert moet soms juist iemand ''dichtbij huis'' zijn, dus de psycholoog op wijkniveau ipv de psycholoog in de ivoren toren.','5',,,,,,,,'5','7',,,,,,,,,,,,,,,,,,,,,,,,'7','5.5','9',,,'2',,,,,,,,,,,,'4','6',,,,,,,,,,,,'6.5','7','4',,,,,,,
'52','31-10-2011 14:06:36','nl',,'31-10-2011 14:06:36','31-10-2011 13:33:35','178.85.159.184','-','6','52','1','-oth-','Gezondheidsfonds','2',,,,,,'1.5','5','6',,,,,,,,,,,,,,,,,,,,,,,'5','1.5','7',,,,,'3',,,,,,,,,,,'3','1.5',,,,,,,,,,,'7.5','5','6',,,,,,,,,,'4','5','4','3','4','3','1','3','2','2','2','2','4','00:06:39','5','4','De noodzaak van het inschakelen van gedragsveranderingsexperts.','3',,,,,,,,'1.5','6',,,,,,,,,,,,,,,,,,,,,,,,'3','1.5','7',,,'3',,,,,,,,,,,,'1.5','4',,,,,,,,,,,,'3','7','3.5',,,,,,,
'53','31-10-2011 15:04:09','nl',,'31-10-2011 15:04:09','31-10-2011 14:38:25','81.30.37.37','-','7','40','1','-oth-','gezondheidsfonds','3','4',,,,,,,,'4.7','6.6',,,,,,,,,,,,,,,,,,,,,,,,'3.3','1.7','8',,,'3.6',,,,,,,,,,,,'2.5','8',,,,,,,,,,,,'7.5','6.6','4.7',,,,,,,'5','5','4','5','5','5','1','5','4','3','1','2','5','00:06:28','4','4','Ik vroeg me af: zijn emotionele boodschappen wel effectief als ze niet bedreigend zijn? Een beroep op emoties kan wel meer betrokkenheid geven bij de boodschap?',,'2.1',,,,,,,,,'7.2','1.9',,,,,,,'8.3','2.6','6.1',,,,,,,,,,,,,,,,,,,'3.2',,,,,,,,,,,,,'7.4','2.6',,,,,,,,,,,,,'2.5','3.5','7.8',,,,
'54','31-10-2011 15:07:32','nl',,'31-10-2011 15:07:32','31-10-2011 14:46:56','193.173.48.18','-','7','39','1','5',,'3','1.5',,,,,,,,'1.4','8.1',,,,,,,,,,,,,,,,,,,,,,,,'6','1.3','8',,,'1.4',,,,,,,,,,,,'1.9','1.4',,,,,,,,,,,,'7.4','8.3','1.8',,,,,,,'4','5','4','4','2','1','2','5','4','2','2','2','4','00:03:46','4','4','Ik mis ''humor''. Wat is de rol/invloed van humor in voorlichting?',,'2.7',,,,,,,,,'8.8','1.7',,,,,,,'2.6','5.8','7.8',,,,,,,,,,,,,,,,,,,'7.6',,,,,,,,,,,,,'7.5','1.9',,,,,,,,,,,,,'2','2.7','2.8',,,,
'55',,'nl',,'31-10-2011 15:14:16','31-10-2011 15:14:09','81.30.37.37','-','9','40','1','-oth-','een gezondheidsfonds','3',,,'2.3',,,,,,,,,,,,,,,,,,,,,,,,,,,,,,,,,,,,,,,,,,,,,,,,,,,,,,,,,,,,,,,,,,,,,,,,,,,,,,,,,,,,,,,,,,,,,,,,,,,,,,,,,,,,,,,,,,,,,,,,,,,,,,,,,,,,,,,,,,,,,,,,,,,,,,,,,,,,,,,
'56','01-11-2011 14:16:14','nl',,'01-11-2011 14:16:14','01-11-2011 13:35:26','212.123.200.82','-','10','27','1','2',,'6',,,,'2',,,,,,,,,,,'3.5','2',,,,,,,,,'3','8.5','7',,,,,,,,,,,,,,,'2.6',,,'2.6','6.9',,,,,,,,,'7','6','8.5',,,,,,,,,,,,,,,,'3','5','4','4','4','3','1','3','2','2','2','1','5','00:10:11','4','4','het vermijden van "emotionele boodschappen" zou je moeten vermijden, maar dit zou ik eerder relateren aan de affectieve kant van attitude dan aan angstaanjagende boodschappen; ik zie ook niet waarom mensen zich niet met bijv. soapsterren [acteurs] zouden kunnen identificeren, daarop zijn soaps toch juist gericht?',,'2.6',,,,,,,,,'4','2.6',,,,,,,'7','3.2','6.5',,,,,,,,,,,,,,,,,,,'6',,,,,,,,,,,,,'5.8','2.2',,,,,,,,,,,,,'2.3','2.2','7.8',,,,
'57','01-11-2011 17:20:25','nl',,'01-11-2011 17:20:25','01-11-2011 16:53:36','81.69.112.219','-','11','45','1','-oth-','semi overheid landelijk','1',,,,,'7',,,,,,,,,,,,'6','7.5',,,,,,,,,,'7','4','6',,,,,,,'7',,,,,,,,,,'7','7',,,,,,,,,,'4.5','7','8',,,,,,,,,,,,,'4','4','4','2','4','2','2','3','3','2','2','2','4','00:08:40','4','4','Nieuw onderzoek is het beste wat we weten op dit moment.Maar er zal nieuw onderzoek komen dat dit tegenspreekt of toch nog op een andere manier kijkt naar het geven van informatie rondom gedragsverandering.',,'5',,,,,,,,,'5','6.5',,,,,,,'5','5','6',,,,,,,,,,,,,,,,,,,'7',,,,,,,,,,,,,'7','5',,,,,,,,,,,,,'5','5.5','7',,,,
'58','01-11-2011 17:18:05','nl',,'01-11-2011 17:18:05','01-11-2011 16:57:38','212.78.217.34','-','12','44','1','1',,'2',,,,,,'5','5','8',,,,,,,,,,,,,,,,,,,,,,,'3','8','6.5',,,,,'6.5',,,,,,,,,,,'8','5',,,,,,,,,,,'9','7','5',,,,,,,,,,'4','5','4','3','4','4','1','4','3','2','4','2','4','00:04:41','4','3','Herhaling.Misvatting over de term: emotionele boodschap. Ik had deze positief opgevat, maar denk nu dat de auteur bedoeld dat het een bop0dschap is die negatieve emotionele reactie oproept.',,'5',,,,,,,,,'5','8',,,,,,,'6.5','7.5','6.1',,,,,,,,,,,,,,,,,,,'5.5',,,,,,,,,,,,,'6','4',,,,,,,,,,,,,'5','5','7',,,,
'59',,'nl',,'02-11-2011 14:24:16','02-11-2011 14:24:16','81.30.37.37','-','1',,,,,,,,,,,,,,,,,,,,,,,,,,,,,,,,,,,,,,,,,,,,,,,,,,,,,,,,,,,,,,,,,,,,,,,,,,,,,,,,,,,,,,,,,,,,,,,,,,,,,,,,,,,,,,,,,,,,,,,,,,,,,,,,,,,,,,,,,,,,,,,,,,,,,,,,,,,,,,,,,,,,,,,
'60',,'nl',,'03-11-2011 14:26:16','03-11-2011 14:23:22','80.112.194.236','-','2','50','2','2',,'4',,'5.4',,,,,,,,,'3','7',,,,,,,,,,,,,,,,,,,,,,,,,,,,,,,,,,,,,,,,,,,,,,,,,,,,,,,,,,,,,,,,,,,,,,,,,,,,,,,,,,,,,,,,,,,,,,,,,,,,,,,,,,,,,,,,,,,,,,,,,,,,,,,,,,,,,,,,,,,,,,,,,,,,,,
'61',,'nl',,'03-11-2011 16:23:42','03-11-2011 16:13:17','213.10.136.78','-','3','43','1','1',,'3',,,'7',,,,,,,,,,'4.5','6.5',,,,,,,,'4','5.1','7',,,,,,,,,,,,,,,,,'5.2',,'4.3','7.7',,,,,,,,,,,,,,,,,,,,,,,,,,'5.4','6.5','8.4','5','5','4','4','4','3','2','2','3','1','1','1','4',,,,,,,,,,,,,,,,,,,,,,,,,,,,,,,,,,,,,,,,,,,,,,,,,,,,,,,,,,,,,,,,,,,,,,,,,,,,,
'62',,'nl',,'03-11-2011 22:59:45','03-11-2011 22:34:17','86.80.0.120','-','4','40','1','7',,'6',,,,'6',,,,,,,,,,,'6.5','7',,,,,,,,,'5','5','6.9',,,,,,,,,,,,,,,'6.5',,,,,,,,,,,,,,,,,,,,,,,,,,,,,,,,,,,,,,,,,,,,,,,,,,,,,,,,,,,,,,,,,,,,,,,,,,,,,,,,,,,,,,,,,,,,,,,,,,,,,,,,,,,,,,,,,,,,,,,,
'63','04-11-2011 10:40:28','nl',,'04-11-2011 10:40:28','04-11-2011 10:06:15','137.120.243.235','-','5','41','2','7',,'6',,,,,'7.5',,,,,,,,,,,,'3.5','7.5',,,,,,,,,,'7.5','7.5','4',,,,,,,'4',,,,,,,,,,'6','6',,,,,,,,,,'5','5','7.5',,,,,,,,,,,,,'5','2','4','2','4','2','1','4','4','3','2','2','5','00:15:55','5','4','Zoals in het bovenstaande verhaal is aangegeven klopten verschillende veronderstellingen in het kader van gedragsinterventies in het verleden niet (e.g. angstaanjagende booschappen zijn effectief). Boven staan nieuwe inzichten gebaseerd op wetenschappelijk onderzoek. Ik ben daarom bijna helemaal ervan overtuigd dat ze meer kloppen dan de eerdere veronderstellingen. Echter, zelfs deze nieuwe inzichten zullen op bepaalde wijzen (uiteindelijk blijken) niet (te) kloppen. Ik zou dus niet aangeven dat ik "volledig" overtuigd ben.','7',,,,,,,,'3','8',,,,,,,,,,,,,,,,,,,,,,,,'8','3.5','8.3',,,'4',,,,,,,,,,,,'3.5','3',,,,,,,,,,,,'4.1','7','4.5',,,,,,,
'64','04-11-2011 13:59:01','nl',,'04-11-2011 13:59:01','04-11-2011 11:42:24','131.224.251.104','-','6','55','2','6',,'6',,,,,,'1','6','8',,,,,,,,,,,,,,,,,,,,,,,'6','4','8',,,,,'6',,,,,,,,,,,'7.5','3',,,,,,,,,,,'3','7','7',,,,,,,,,,'4','5','5','2','3','3','1','2','3','2','2','2','4','00:03:04','4','4',,'7.5',,,,,,,,'1','8.1',,,,,,,,,,,,,,,,,,,,,,,,'7','1','8',,,'1',,,,,,,,,,,,'1','6',,,,,,,,,,,,'6.1','8','4',,,,,,,
'65','04-11-2011 14:37:52','nl',,'04-11-2011 14:37:52','04-11-2011 13:12:01','212.78.217.34','-','7','36','2','1',,'4','4',,,,,,,,'4','6.9',,,,,,,,,,,,,,,,,,,,,,,,'5.6','4','8.5',,,'3.9',,,,,,,,,,,,'7','5',,,,,,,,,,,,'7.4','5.5','4.5',,,,,,,'4','4','4','4','3','2','1','2','2','2','2','2','4','00:44:28','5','4','Gegevens zijn interpretaties van onderzoeken. Lastig te checken. Ik zou de onderzoeken zelf willen zien.',,'4',,,,,,,,,'5.8','4',,,,,,,'6.4','6.4','7.3',,,,,,,,,,,,,,,,,,,'5.3',,,,,,,,,,,,,'7','5',,,,,,,,,,,,,'5.5','4.5','6',,,,
'66','04-11-2011 15:45:17','nl',,'04-11-2011 15:45:17','04-11-2011 15:28:05','85.90.69.35','-','8','36','1','2',,'1',,'4.9',,,,,,,,,'3.3','6.1',,,,,,,'6.6','6','7.6',,,,,,,,,,,,,,,,,,,'5.2',,,,,,,,,,,,,'4.8','8',,,,,,,,,,,,,'5.1','6.4','8',,,,'5','4','5','5','3','2','2','4','1','1','1','2','5','00:01:50','5','5',,,'5',,,,,,,,,'7','4.3',,,,,,,'8','7.8','8.4',,,,,,,,,,,,,,,,,,,'7',,,,,,,,,,,,,'6.8','5.1',,,,,,,,,,,,,'5.6','4','6.9',,,,
'67','04-11-2011 16:06:10','nl',,'04-11-2011 16:06:10','04-11-2011 15:50:55','62.41.69.30','-','9','38','1','6',,'3',,,'7',,,,,,,,,,'8','3',,,,,,,,'3','3','8',,,,,,,,,,,,,,,,,'3',,'3','8',,,,,,,,,,,,,,,,,,,,,,,,,,'1','4','8','4','3','2','4','4','3','2','2','4','3','4','3','4','00:04:55','3','2','Er wordt volledig voorbij gegaan aan bepaalde aspecten, zoals de verkrijgbaarheid van bepaalde producten, de invloed van marketing, de prijs van bepaalde producten, de verslavende eigenschappen van bijvoorbeeld sigaretten, alcohol, vet en suiker en het inzetten van andere omgevingsfactoren, zoals fiscale maatregelen om gewenst gedrag te stimuleren of juist te ontmoedigen. Dit veronderstelt dat gedrag wordt vertoond in een vacuum, terwijl juist alle hierboven genoemde factoren direct van invloed zijn op gedrag.',,'3',,,,,,,,,'4','3',,,,,,,'8','4','2',,,,,,,,,,,,,,,,,,,'8',,,,,,,,,,,,,'8','4',,,,,,,,,,,,,'4','8','7',,,,
'68','05-11-2011 21:33:05','nl',,'05-11-2011 21:33:05','05-11-2011 21:05:49','131.224.251.103','-','10','33','2','6',,'6',,,,'6',,,,,,,,,,,'4','9',,,,,,,,,'6','3','9',,,,,,,,,,,,,,,'5',,,'6.5','6',,,,,,,,,'4','7','9',,,,,,,,,,,,,,,,'4','4','4','2','4','3','1','4','2','2','4','2','4','00:06:40','4','4','Ik geloof wel dat de rolmodellen-aanpak kan werken. maar niet altijd en niet per definitie. bovendien andere aanpakken -die hier niet aan de orde zijn geweest- zouden ook prima kunnen werken.',,'3',,,,,,,,,'7','5',,,,,,,'5','6','7',,,,,,,,,,,,,,,,,,,'3',,,,,,,,,,,,,'7','4',,,,,,,,,,,,,'5','5','8',,,,
'69','07-11-2011 11:50:35','nl',,'07-11-2011 11:50:35','07-11-2011 11:10:15','213.10.3.16','-','11','47','2','2',,'1',,,,,'8',,,,,,,,,,,,'2','9',,,,,,,,,,'8','7','6',,,,,,,'3',,,,,,,,,,'6','9',,,,,,,,,,'7','6','8',,,,,,,,,,,,,'5','5','5','4','4','1','1','2','4','2','1','2','5','00:09:35','5','5',,,'1',,,,,,,,,'3','3',,,,,,,'7','6','8',,,,,,,,,,,,,,,,,,,'4',,,,,,,,,,,,,'7','3',,,,,,,,,,,,,'3','3','8',,,,
'70','07-11-2011 12:50:47','nl',,'07-11-2011 12:50:47','07-11-2011 12:02:31','212.104.214.35','-','12','38','1','1',,'1',,,,,,'5.1','7.6','6.4',,,,,,,,,,,,,,,,,,,,,,,'5','5','7.1',,,,,'6.2',,,,,,,,,,,'5','5.9',,,,,,,,,,,'6.6','6.3','6.6',,,,,,,,,,'4','5','4','4','3','3','3','4','4','3','3','3','4','00:12:42','4','5',,,'5',,,,,,,,,'6.2','5.4',,,,,,,'6.6','5.5','6.9',,,,,,,,,,,,,,,,,,,'5.9',,,,,,,,,,,,,'6.5','5',,,,,,,,,,,,,'5','5','7',,,,
'71',,'nl',,'07-11-2011 12:08:46','07-11-2011 12:02:55','213.208.213.5','-','12','58','1','1',,'2',,,,,,'2.8','3.1','6',,,,,,,,,,,,,,,,,,,,,,,'4.4','5.8','4.8',,,,,'5.6',,,,,,,,,,,'5.5','4.7',,,,,,,,,,,'4.5','5','5.6',,,,,,,,,,'4','4','2','4','4','3','2','2','2','4','2','1','4',,,,,,,,,,,,,,,,,,,,,,,,,,,,,,,,,,,,,,,,,,,,,,,,,,,,,,,,,,,,,,,,,,,,,,,,,,,,,
'72','07-11-2011 12:51:27','nl',,'07-11-2011 12:51:27','07-11-2011 12:39:58','62.41.69.30','-','2','30','1','6',,'3',,'5.9',,,,,,,,,'3.9','6.9',,,,,,,'6.6','7.4','5.1',,,,,,,,,,,,,,,,,,,'6.2',,,,,,,,,,,,,'6.8','7.6',,,,,,,,,,,,,'6.2','4.4','4.6',,,,'4','5','2','4','4','3','2','2','4','4','2','2','4','00:00:57','3','3','Het is een lap tekst waar ik niet zo goed doorheen kom.','6.2',,,,,,,,'4.4','6.4',,,,,,,,,,,,,,,,,,,,,,,,'6.3','6.5','6.5',,,'4.1',,,,,,,,,,,,'3.9','6.2',,,,,,,,,,,,'6.7','6.8','3.9',,,,,,,
'73','07-11-2011 13:44:42','nl',,'07-11-2011 13:44:42','07-11-2011 13:20:09','212.104.214.35','-','3','30','1','1',,'6',,,'6',,,,,,,,,,'8','4',,,,,,,,'5.9','4','8',,,,,,,,,,,,,,,,,'8',,'8','6',,,,,,,,,,,,,,,,,,,,,,,,,,'6','4','9','5','4','4','4','3','2','1','4','2','2','2','2','5','00:06:26','4','4',,'5.6',,,,,,,,'3.2','7.9',,,,,,,,,,,,,,,,,,,,,,,,'5.3','2.4','8.5',,,'3.2',,,,,,,,,,,,'6','3.9',,,,,,,,,,,,'2.4','8.4','5.6',,,,,,,
'74','07-11-2011 16:38:05','nl',,'07-11-2011 16:38:05','07-11-2011 16:09:56','212.104.214.35','-','4','31','1','1',,'1',,,,'6.6',,,,,,,,,,,'5.1','7.1',,,,,,,,,'6.4','5.6','6.6',,,,,,,,,,,,,,,'6.1',,,'4.1','4.8',,,,,,,,,'3.8','6.8','7.7',,,,,,,,,,,,,,,,'5','4','4','3','3','2','2','2','2','3','2','4','5','00:07:05','4','5',,'6.2',,,,,,,,'4.8','6.7',,,,,,,,,,,,,,,,,,,,,,,,'5.7','4.5','7.2',,,'4.9',,,,,,,,,,,,'4.9','4.9',,,,,,,,,,,,'5.6','6.7','5.2',,,,,,,
'75','08-11-2011 10:55:43','nl',,'08-11-2011 10:55:43','08-11-2011 10:23:23','87.213.32.218','-','5','40','1','-oth-','Gezondheidsfonds','2',,,,,'5.5',,,,,,,,,,,,'7.5','8',,,,,,,,,,'7.5','7','8',,,,,,,'8.5',,,,,,,,,,'5','7',,,,,,,,,,'7','5.8','7.5',,,,,,,,,,,,,'4','5','4','5','5','4','1','4','5','2','4','2','4','00:13:14','4','3','Ik zou nog graag onderbouwing vanuit de theorie van de logische niveaus zien','6',,,,,,,,'3','7',,,,,,,,,,,,,,,,,,,,,,,,'7','3.1','9',,,'5',,,,,,,,,,,,'7','5.5',,,,,,,,,,,,'5','9','7.5',,,,,,,
'76',,'nl',,'08-11-2011 10:59:55','08-11-2011 10:46:12','193.173.48.18','-','6','53','1','5',,'3',,,,,,'7','2.4','7',,,,,,,,,,,,,,,,,,,,,,,'1','6','3.1',,,,,'6',,,,,,,,,,,'6','4.2',,,,,,,,,,,'5.1','6.4','8.1',,,,,,,,,,'2','4','4','2','3','4','2','4','3','4','4','3','3',,,,,,,,,,,,,,,,,,,,,,,,,,,,,,,,,,,,,,,,,,,,,,,,,,,,,,,,,,,,,,,,,,,,,,,,,,,,,
'77','08-11-2011 11:36:59','nl',,'08-11-2011 11:36:59','08-11-2011 10:49:27','85.90.69.35','-','6','30','1','1',,'2',,,,,,'5.5','8','4',,,,,,,,,,,,,,,,,,,,,,,'7','9','5',,,,,'7',,,,,,,,,,,'8','4',,,,,,,,,,,'4','5','9',,,,,,,,,,'4','4','4','2','3','4','1','5','4','4','2','4','4','00:08:51','5','5',,'4',,,,,,,,'4','8',,,,,,,,,,,,,,,,,,,,,,,,'6','3','8',,,'3',,,,,,,,,,,,'5','8',,,,,,,,,,,,'7','8.5','5',,,,,,,
'78',,'nl',,'08-11-2011 11:36:05','08-11-2011 11:36:05','131.224.251.104','-','8',,,,,,,,,,,,,,,,,,,,,,,,,,,,,,,,,,,,,,,,,,,,,,,,,,,,,,,,,,,,,,,,,,,,,,,,,,,,,,,,,,,,,,,,,,,,,,,,,,,,,,,,,,,,,,,,,,,,,,,,,,,,,,,,,,,,,,,,,,,,,,,,,,,,,,,,,,,,,,,,,,,,,,,
'79','08-11-2011 13:19:34','nl',,'08-11-2011 13:19:34','08-11-2011 12:52:09','85.90.69.35','-','9','47','1','1',,'1',,,'4',,,,,,,,,,'8','5.5',,,,,,,,'6','8','7',,,,,,,,,,,,,,,,,'8',,'8','5',,,,,,,,,,,,,,,,,,,,,,,,,,'7','5','6','4','4','5','1','2','2','2','5','3','2','2','2','4','00:02:53','4','5',,,'4',,,,,,,,,'8','4',,,,,,,'8','5','7',,,,,,,,,,,,,,,,,,,'6',,,,,,,,,,,,,'8','6',,,,,,,,,,,,,'6','6','8',,,,
'80','08-11-2011 17:17:11','nl',,'08-11-2011 17:17:11','08-11-2011 16:49:08','62.21.138.106','-','10','38','1','1',,'1',,,,'1',,,,,,,,,,,'4.5','8',,,,,,,,,'5.5','5.5','7',,,,,,,,,,,,,,,'6',,,'4','7',,,,,,,,,'6.5','2','9',,,,,,,,,,,,,,,,'5','5','5','4','2','1','1','4','1','2','2','3','5','00:05:18','4','5',,,'1',,,,,,,,,'1','1',,,,,,,'7','3','8.5',,,,,,,,,,,,,,,,,,,'1',,,,,,,,,,,,,'7','1',,,,,,,,,,,,,'2','1','9',,,,
'81','08-11-2011 20:36:57','nl',,'08-11-2011 20:36:57','08-11-2011 20:01:32','82.157.128.94','-','11','46','1','2',,'2',,,,,'5.5',,,,,,,,,,,,'6.5','8.5',,,,,,,,,,'7.8','6.5','5',,,,,,,'7',,,,,,,,,,'4.5','7.8',,,,,,,,,,'7','7','8.5',,,,,,,,,,,,,'4','5','4','4','4','4','2','2','4','1','4','1','4','00:09:45','5','4','Angstaanjagende methode werkt zo goed als nooit wordt gezegd. Ok. Als je echter via ouders wilt bereiken dat zij jongeren op een gezondheidsthema als alcohol en roken goed opvoeden, kan duidelijkheid over gevolgen voor longen en hersenen etc wel helpen. Sommigen noemen dit de angstaanjagende benadering, en ik ben er niet van overtuigd dat dit niet goed zou werken, om aandacht te krijgen voor het probleem. En als je daarnaast opvoedondersteuning biedt. Maar anderen noemen dit objectieve informatie, kennisoverdracht. Dan kom ik er niet helemaal meer uit.',,'6.5',,,,,,,,,'7.5','5',,,,,,,'7.5','6','7',,,,,,,,,,,,,,,,,,,'6.5',,,,,,,,,,,,,'8','6',,,,,,,,,,,,,'6.5','6.5','7',,,,
'82','08-11-2011 21:47:57','nl',,'08-11-2011 21:47:57','08-11-2011 21:20:22','77.167.154.173','-','11','44','2','-oth-','brachevereniging onderwijs','3',,,,,'5',,,,,,,,,,,,'7','8',,,,,,,,,,'4','4.5','4.5',,,,,,,'7',,,,,,,,,,'5','8',,,,,,,,,,'6','6.5','6.5',,,,,,,,,,,,,'5','4','4','3','3','2','2','3','2','2','3','2','4','00:05:36','5','4','De variabelen die nodig zijn om maatwerk te maken in diverse situaties.',,'5',,,,,,,,,'4.5','6',,,,,,,'7','7.5','7',,,,,,,,,,,,,,,,,,,'3.5',,,,,,,,,,,,,'7','4',,,,,,,,,,,,,'6','5','7',,,,
'83','08-11-2011 22:42:57','nl',,'08-11-2011 22:42:57','08-11-2011 21:45:35','83.160.74.239','-','12','46','1','6',,'2',,,,,,'4.1','5.5','3.2',,,,,,,,,,,,,,,,,,,,,,,'7.2','8.4','6.4',,,,,'7.4',,,,,,,,,,,'1.9','2.3',,,,,,,,,,,'8.6','8.6','6.9',,,,,,,,,,'4','5','4','5','4','3','2','4','2','2','3','2','4','00:26:36','5','3','IK ben het met veel punten al eens maar heb mijn bedenkingen bij een  onderdeel van  wat "Wel te doen". Mijn ervaring is dat het werken met rolmodellen, zoals bekende sporters bij het sportactiever krijgen van leerlingen zeer goed werkt, mits ze inderdaad nog redelijk dicht bij de doelgroep staan. Maar het mogen wel degelijk mensen zijn waar tegenop wordt gekeken. Ik denk ook dat een aantal punten afhangt van de doelgroep waar je mee te maken hebt. Dit gold overigens ook voor de vragen die in het vorige deel werden gesteld. Verder betreft bedreigende interventies. Ook hier ben ik het met het onderzoek eens, maar met nuance. Het blijkt ook uit interventies bij verslavingsprobleamtiek dat een bedreigende interventie (in omgekeerde versie: namelijk welke positieve gevolgen gedragsverandering kan hebben) helpend kan zijn als iemand al besloten heeft zijn gedrag te veranderen.Het helpt dan dit gedrag te continueren. En als laatste betreft de vorige stellingen waar ik op kon antwoorden vond ik de keuze voor de 5 opties  niet altijd passend. Bijvoorbeeld bij de stelling : Communicatie die emoties opwekt leidt tot zelfreflectie...... Of dat zo is hangt naar mijn idee helemaal van het soort emotie af en van de persoon in kwestie en of het op het goede moment is. Het kan bij iemand net de juiste snaar raken, maar hoeft ook helemaal niet. Emotie kan helpen maar kan ook weer tegengesteld werken. De optie Ik weet niet lees ik dan als: soms wel soms niet',,'4.2',,,,,,,,,'5.2','5.1',,,,,,,'7.5','4.8','6.5',,,,,,,,,,,,,,,,,,,'5.4',,,,,,,,,,,,,'5.7','2.4',,,,,,,,,,,,,'5.6','4.4','3.4',,,,
'84','09-11-2011 10:54:32','nl',,'09-11-2011 10:54:32','09-11-2011 10:20:04','212.104.214.35','-','2','35','1','1',,'1',,'6.8',,,,,,,,,'9','6',,,,,,,'4','9','8',,,,,,,,,,,,,,,,,,,'7.5',,,,,,,,,,,,,'5','8',,,,,,,,,,,,,'5.7','6.1','4.3',,,,'4','5','4','2','3','4','1','4','5','4','2','2','5','00:09:55','5','4','Ik denk dat het soms van de doelgroep afhankelijk is wat voor een modellen ''aanslaan'' bij de doelgroep. Ik ben het er mee eens dat mensen zich niet identificeren met een bekende acteur, maar hij/zij kan wel een extra stimulans teweeg brengen, naar mijn mening.','6.3',,,,,,,,'3.7','7.2',,,,,,,,,,,,,,,,,,,,,,,,'7','3.1','8.4',,,'7',,,,,,,,,,,,'5','5',,,,,,,,,,,,'6','9','8',,,,,,,
'85','09-11-2011 15:11:12','nl',,'09-11-2011 15:11:12','09-11-2011 14:51:37','92.67.145.138','-','3','55','1','1',,'4',,,'7',,,,,,,,,,'8','3',,,,,,,,'5','7','8',,,,,,,,,,,,,,,,,'8',,'7','8',,,,,,,,,,,,,,,,,,,,,,,,,,'7','4','8','5','5','4','2','2','2','2','5','2','2','2','2','5','00:04:27','5','5',,'7',,,,,,,,'3','5',,,,,,,,,,,,,,,,,,,,,,,,'6','3','8.1',,,'3',,,,,,,,,,,,'4.1','5',,,,,,,,,,,,'4','8','5',,,,,,,
'86','09-11-2011 17:01:03','nl',,'09-11-2011 17:01:03','09-11-2011 16:40:48','194.171.88.1','-','4','50','1','1',,'6',,,,'3',,,,,,,,,,,'6','7.5',,,,,,,,,'3','7.5','7.5',,,,,,,,,,,,,,,'2.6',,,'8','5',,,,,,,,,'4.8','4.8','8.2',,,,,,,,,,,,,,,,'4','4','4','4','2','2','1','3','4','2','2','1','4','00:05:54','4','4','Mss heb ik te snel gelezen omdat dit onderzoek weliswaar heel leuk is maar ook meer tijd kost dan ik dacht. In elk geval mis ik twee dingen: 1. dacht dat voor een korte termijn gedragsverandering een confrontatie techniek wel zinvol kan zijn (vuurwerk, pandemie) 2. ik mis (communicatie over) het veranderen van omgevingsfactoren als belangrijk hulpmiddel/aanjager voor gedragsverandering.','6.5',,,,,,,,'3.1','7.2',,,,,,,,,,,,,,,,,,,,,,,,'5.8','2.1','8.7',,,'1.6',,,,,,,,,,,,'3','4.9',,,,,,,,,,,,'3.5','8','6',,,,,,,
'87','09-11-2011 17:46:42','nl',,'09-11-2011 17:46:42','09-11-2011 17:18:16','212.104.214.35','-','5','43','1','1',,'2',,,,,'5.5',,,,,,,,,,,,'1.4','9.2',,,,,,,,,,'7','3.9','2.5',,,,,,,'5.6',,,,,,,,,,'8','2.1',,,,,,,,,,'7.1','5.1','8.7',,,,,,,,,,,,,'5','5','5','4','2','1','1','5','3','2','1','2','5','00:13:02','4','5',,'1.9',,,,,,,,'1.3','6.3',,,,,,,,,,,,,,,,,,,,,,,,'1.1','1.9','8.8',,,'3.7',,,,,,,,,,,,'3.8','3.5',,,,,,,,,,,,'5.8','8.4','5.9',,,,,,,
'88','09-11-2011 22:33:01','nl',,'09-11-2011 22:33:01','09-11-2011 22:10:57','82.72.30.221','-','6','52','2','3',,'2',,,,,,'2.8','6','8',,,,,,,,,,,,,,,,,,,,,,,'4.2','5.9','7.8',,,,,'7.3',,,,,,,,,,,'7.6','6.3',,,,,,,,,,,'4.5','8.7','8.2',,,,,,,,,,'5','4','5','2','4','4','1','1','4','2','2','2','5','00:06:39','5','4','het aspect van de training van vaardigheden is erg belangrijk. Maar hoe zit het met de relatie tussen vaardigheden en drijfveren van de personen die nog niet vaardig genoeg zijn? Moet het  rolmodel herkenbare vergelijkbare drijfveren en waarden laten zien?','7.7',,,,,,,,'1.8','6.3',,,,,,,,,,,,,,,,,,,,,,,,'6.9','3.2','7.9',,,'3.9',,,,,,,,,,,,'6.3','3.9',,,,,,,,,,,,'2.8','9.2','7.7',,,,,,,
'89','10-11-2011 12:56:50','nl',,'10-11-2011 12:56:50','10-11-2011 12:19:48','62.21.138.106','-','7','34','1','1',,'6','2',,,,,,,,'4.5','4.5',,,,,,,,,,,,,,,,,,,,,,,,'5','4.5','6',,,'4.5',,,,,,,,,,,,'4.5','8',,,,,,,,,,,,'5','7.5','4.5',,,,,,,'5','5','3','4','4','2','1','3','3','1','2','2','5','00:11:33','4','4','Het gaat ten dele in tegen onderzoek van Maddux en Rogers en het Extended Parallel Process Model van Witte. Hieruit komt naar voren dat fear appeals effectief zijn als er 4 componenten aanwezig zijn, hier zijn perceived severity en perceived vulnerability er 2 van. Ik vraag mij af: als je mensen niet duidelijk maakt wat de risico''s zijn en dat zij zelf risico lopen, ontstaat er dan wel motivation to act?? Mijn (huidige) mening is dat de 4 componenten allen aanwezig moeten zijn: perceived severity, perceived vulnerability, response efficacy en self-efficacy. Maar ik ben erg benieuwd naar jullie onderzoek, zou daar graag meer over lezen en sta erg open voor jullie resultaten!',,'4',,,,,,,,,'5','4.5',,,,,,,'5.3','4.5','4.5',,,,,,,,,,,,,,,,,,,'5.5',,,,,,,,,,,,,'5','4.5',,,,,,,,,,,,,'4.5','4.5','8',,,,
'90',,'nl',,'10-11-2011 14:09:05','10-11-2011 13:54:50','194.171.121.37','-','8','64','1','-oth-','MBO instelling','3',,'5.2',,,,,,,,,'7.4','5.5',,,,,,,'4','5.5','8.1',,,,,,,,,,,,,,,,,,,'7.5',,,,,,,,,,,,,'4.3','8',,,,,,,,,,,,,'4.8','5.3','7.1',,,,'5','5','5','4','4','3','2','4','4','4','3','3','4',,,,,,,,,,,,,,,,,,,,,,,,,,,,,,,,,,,,,,,,,,,,,,,,,,,,,,,,,,,,,,,,,,,,,,,,,,,,,
'91','11-11-2011 13:07:01','nl',,'11-11-2011 13:07:01','11-11-2011 12:49:30','84.53.97.115','-','9','37','1','-oth-','patientenvereniging','3',,,'6',,,,,,,,,,'7','6.5',,,,,,,,'6','6','7.5',,,,,,,,,,,,,,,,,'8',,'6.5','8',,,,,,,,,,,,,,,,,,,,,,,,,,'7','4.5','8','5','5','4','4','4','4','2','3','2','2','2','2','5','00:04:42','3','4','emotionele boodschappen die positief zijn kunnen wel effectief zijn',,'2',,,,,,,,,'7','4',,,,,,,'5.5','6','5.5',,,,,,,,,,,,,,,,,,,'7',,,,,,,,,,,,,'7.5','5',,,,,,,,,,,,,'5','7','8',,,,
'92','13-11-2011 12:14:00','nl',,'13-11-2011 12:14:00','13-11-2011 11:44:10','77.162.45.202','-','10','34','2','-oth-','Zelfstandig ondernemer met een Calo achtergrond (zowel qua opleiding als werknemer). Ontwikkel programma''s en concepten rondom bewegen (in letterlijke en figuurlijke zin)','1',,,,'4',,,,,,,,,,,'5','4',,,,,,,,,'4','6','5',,,,,,,,,,,,,,,'5.5',,,'4','7',,,,,,,,,'6.5','5','7',,,,,,,,,,,,,,,,'2','4','4','4','4','2','2','5','2','4','2','2','3','00:07:08','5','4','Info is overtuigend. Ik werk zelf veel in onderwijs of trainingssettingen, waarbij de rol van de docent of trainer een hele belangrijke is. De ''toon'' waarop is mijnsinziens ook erg belangrijk en het ''belerende vingertje'' (is ook een vorm van shockeren volgens mij) proberen achterwege te laten. In het ''belerende vingertje'' zit altijd/vaak een ''je bent ook dom'' boodschap. Ik maak veel gebruik van het i-change model om de modules en interventies op de baseren, gekoppeld aan afwisselende werkvormen (kennis, filmmateriaal, werkopdrachten, discussie etc).',,'4',,,,,,,,,'5.6','5',,,,,,,'5.5','6.4','6.8',,,,,,,,,,,,,,,,,,,'5.5',,,,,,,,,,,,,'6.5','5.2',,,,,,,,,,,,,'6','4.5','6.6',,,,
'93','14-11-2011 17:04:37','nl',,'14-11-2011 17:04:37','14-11-2011 16:45:52','156.83.1.251','-','11','28','1','7',,'6',,,,,'7',,,,,,,,,,,,'3','8',,,,,,,,,,'6','4','5',,,,,,,'3',,,,,,,,,,'4','7',,,,,,,,,,'5','7','8',,,,,,,,,,,,,'5','5','4','3','3','1','1','3','3','2','2','2','5','00:03:08','5','5',,,'3',,,,,,,,,'4','4',,,,,,,'5','6','7',,,,,,,,,,,,,,,,,,,'5',,,,,,,,,,,,,'5','4',,,,,,,,,,,,,'3','3','8',,,,
'94','15-11-2011 14:53:15','nl',,'15-11-2011 14:53:15','15-11-2011 14:23:45','82.161.143.243','-','12','44','2','-oth-','politieke partij','5',,,,,,'6','5','5',,,,,,,,,,,,,,,,,,,,,,,'5','5','5.5',,,,,'4',,,,,,,,,,,'5','4',,,,,,,,,,,'5.5','6.5','7',,,,,,,,,,'2','4','4','4','3','2','4','4','3','2','2','2','2','00:15:39','4','3','Ik heb nog geen half a4 gelezen over een onderwerp waar ik geen verstand van heb en de links niet bestudeerd. De conclusie komt redelijk overeen met mijn eigen beeld, dus ben ik redelijk overtuigd. Om volledig overtuigd te zijn, zou ik mij aanmerkelijk meer in de materie moeten verdiepen. Ik vind redelijk al best goed, eigenlijk...',,'5',,,,,,,,,'6','4.6',,,,,,,'5.5','4.9','6.5',,,,,,,,,,,,,,,,,,,'3.9',,,,,,,,,,,,,'6','5',,,,,,,,,,,,,'5.5','5','6.5',,,,
'95','15-11-2011 15:33:32','nl',,'15-11-2011 15:33:32','15-11-2011 15:00:43','188.204.182.254','-','1','37','1','2',,'2','7.5',,,,,,,,'6','8',,,,,,,,,,,,,,,,,,,,,,,,'7','5.5','8',,,'4',,,,,,,,,,,,'6.5','7.5',,,,,,,,,,,,'7.5','6','7.5',,,,,,,'5','5','5','2','5','3','2','2','3','2','3','3','5','00:10:39','4','4','ik denk dat het uitgangspunt van de doelgroep (wat denken zij dat hen wel of niet aanzet (of tegenhoudt) tot het gezonde gedrag) hierin ook moet worden meegenomen. Het klinkt nu alsof de professional weet wat wel of niet gaat werken. Dit moet mijns inziens worden gecheckt bij de doelgroep.','7',,,,,,,,'5.5','7',,,,,,,,,,,,,,,,,,,,,,,,'7','5.5','8',,,'5.5',,,,,,,,,,,,'7','7',,,,,,,,,,,,'5.5','8','6.5',,,,,,,
'96',,'nl',,'15-11-2011 15:32:53','15-11-2011 15:30:42','137.120.179.198','-','2','48','1','-oth-','Academie Verloskunde Maastricht - Zuyd','6',,'7',,,,,,,,,'3.5','7.7',,,,,,,,,,,,,,,,,,,,,,,,,,,,,,,,,,,,,,,,,,,,,,,,,,,,,,,,,,,,,,,,,,,,,,,,,,,,,,,,,,,,,,,,,,,,,,,,,,,,,,,,,,,,,,,,,,,,,,,,,,,,,,,,,,,,,,,,,,,,,,,,,,,,,,
'97','15-11-2011 19:54:34','nl',,'15-11-2011 19:54:34','15-11-2011 19:38:17','82.74.51.56','-','3','34','1','-oth-','Eigen bedrijf met trainingen en interim-opdrachten in gezondheidsbevordering','1',,,'4',,,,,,,,,,'7','5',,,,,,,,'4','5.5','8.5',,,,,,,,,,,,,,,,,'3',,'4','7',,,,,,,,,,,,,,,,,,,,,,,,,,'4','2','9','3','5','5','3','4','2','1','4','1','1','1','1','3','00:04:56','5','5',,'4',,,,,,,,'1','9',,,,,,,,,,,,,,,,,,,,,,,,'5','1','10',,,'3',,,,,,,,,,,,'1','3',,,,,,,,,,,,'2','8','4',,,,,,,
'98','16-11-2011 09:49:34','nl',,'16-11-2011 09:49:34','16-11-2011 09:20:20','188.204.182.254','-','4','50','1','2',,'1',,,,'4',,,,,,,,,,,'6','7',,,,,,,,,'4','5','6',,,,,,,,,,,,,,,'4',,,'4','7.5',,,,,,,,,'6','4.6','6.5',,,,,,,,,,,,,,,,'3','5','4','4','3','3','2','4','3','4','2','2','3','00:06:38','4','4','ik houd graag een slag om de arm!','5.5',,,,,,,,'3','7.5',,,,,,,,,,,,,,,,,,,,,,,,'8','3','7',,,'2.7',,,,,,,,,,,,'6','2.8',,,,,,,,,,,,'3','6','7',,,,,,,
'99','16-11-2011 14:18:27','nl',,'16-11-2011 14:18:27','16-11-2011 13:59:12','92.67.145.138','-','5','34','1','1',,'6',,,,,'7',,,,,,,,,,,,'2.5','9',,,,,,,,,,'4','7','2',,,,,,,'4',,,,,,,,,,'4','7',,,,,,,,,,'6','7','8',,,,,,,,,,,,,'4','5','4','4','4','4','2','4','3','2','2','1','5','00:04:29','4','5',,'4',,,,,,,,'3','7.5',,,,,,,,,,,,,,,,,,,,,,,,'7','4','8',,,'3',,,,,,,,,,,,'5','4',,,,,,,,,,,,'2','9','6',,,,,,,
'100','17-11-2011 13:19:36','nl',,'17-11-2011 13:19:36','17-11-2011 12:43:49','86.91.171.47','-','6','42','2','1',,'3',,,,,,'5','7','4',,,,,,,,,,,,,,,,,,,,,,,'4','7','7.5',,,,,'6.5',,,,,,,,,,,'8','4',,,,,,,,,,,'4','6.5','7.5',,,,,,,,,,'4','5','5','4','4','4','4','2','2','4','2','4','4','00:10:13','5','4','Het is mijn inziens ook afhankelijk van het doel wat je wilt bereiken met de interventie. Ik ga met het verhaal mee als het doel gedragsverandering is. maar als het sec bewustwording is, kan ik me voorstellen dat angstaanjagende boodschappen een functie kan hebben. Sowieso geloof ik niet in 1 benadering (1 size fits) maar in verschillende soorten benaderingen. Sommige mensen zullen zich absoluut niet aangesproken voelen met een angstaanjagende boodschap, anderen wel. In elk geval kan het helpen om een discussie op gang te brengen. Ik denk dus dat angstaanjagende boodschappen wel zeker een functie kunnen hebben... het hangt er dus van af wat je doel is.','5.5',,,,,,,,'5','6',,,,,,,,,,,,,,,,,,,,,,,,'8','4.5','7.5',,,'3',,,,,,,,,,,,'5.5','5.5',,,,,,,,,,,,'5','8','7',,,,,,,
'101','17-11-2011 15:36:22','nl',,'17-11-2011 15:36:22','17-11-2011 15:08:05','145.222.44.4','-','7','56','1','4',,'5','7.5',,,,,,,,'6','7',,,,,,,,,,,,,,,,,,,,,,,,'7','5.6','8',,,'6.5',,,,,,,,,,,,'6.7','7.5',,,,,,,,,,,,'6','6','6',,,,,,,'4','5','4','3','4','3','2','4','3','3','3','2','4','00:10:17','5','4','Ik heb (natuurlijk) op dit moment niet alle studies tot mij genomen die in de linkjes zitten. Deze interventies kunnen werken, maar er zullen ook mensen zijn die daar aversie tegen hebben, bijvoorbeeld doordat ze een opvoeding hebben gehad die al op deze manier werkte en waar ze niet gelukkig van werden (een moeder die op deze manier te werk gaat kan in de puberteit enorm veel irritatie opwekken, dan is de peergroup veel interessanter)',,'5',,,,,,,,,'5.8','5.8',,,,,,,'7','7.5','7',,,,,,,,,,,,,,,,,,,'6.5',,,,,,,,,,,,,'7','5.8',,,,,,,,,,,,,'5.7','7','7.5',,,,
'102','17-11-2011 16:44:37','nl',,'17-11-2011 16:44:37','17-11-2011 16:30:08','212.123.218.194','-','8','54','1','6',,'3',,'5.5',,,,,,,,,'7.2','6',,,,,,,'6.2','5','7.5',,,,,,,,,,,,,,,,,,,'5.5',,,,,,,,,,,,,'6','7.5',,,,,,,,,,,,,'5.5','7','7.5',,,,'4','4','4','4','4','2','1','4','3','2','2','2','4','00:03:02','4','5',,,'5.5',,,,,,,,,'7','5.5',,,,,,,'7','5.7','7',,,,,,,,,,,,,,,,,,,'6',,,,,,,,,,,,,'7.5','5.5',,,,,,,,,,,,,'5.5','5.5','7.5',,,,
'103','18-11-2011 09:30:55','nl',,'18-11-2011 09:30:55','18-11-2011 08:51:57','62.108.19.63','-','9','48','2','3',,'7',,,'8',,,,,,,,,,'7','4',,,,,,,,'4','7','8',,,,,,,,,,,,,,,,,'7.5',,'6.5','8',,,,,,,,,,,,,,,,,,,,,,,,,,'7','4','8','5','4','4','5','4','2','1','2','2','2','2','2','5','00:07:53','5','5',,,'4',,,,,,,,,'5','4',,,,,,,'6','5','7',,,,,,,,,,,,,,,,,,,'3',,,,,,,,,,,,,'7.5','3',,,,,,,,,,,,,'4','4','8',,,,
'104','18-11-2011 11:21:08','nl',,'18-11-2011 11:21:08','18-11-2011 11:07:18','31.151.102.12','-','10','31','1','3',,'7',,,,'5',,,,,,,,,,,'4','7',,,,,,,,,'7','5','8',,,,,,,,,,,,,,,'7',,,'4','7',,,,,,,,,'6.5','7','7',,,,,,,,,,,,,,,,'5','5','4','4','4','2','2','4','4','3','2','2','5','00:04:44','4','3','Ik vraag me af of je helemaal niet moet refereren aan de risico''s, er is een verschil tussen het relevant maken van de risico;s van het gedrag en de risico''s enorm hoog opspelen.',,'4',,,,,,,,,'4.1','7',,,,,,,'5.1','7','7',,,,,,,,,,,,,,,,,,,'4',,,,,,,,,,,,,'7.1','4.6',,,,,,,,,,,,,'3.9','6.8','6.1',,,,
'105','18-11-2011 11:32:55','nl',,'18-11-2011 11:32:55','18-11-2011 11:20:45','212.123.218.194','-','11','50','2','-oth-','zbo','3',,,,,'4.9',,,,,,,,,,,,'4.6','7.4',,,,,,,,,,'4.8','7.4','6',,,,,,,'7.1',,,,,,,,,,'5.8','7.1',,,,,,,,,,'5.3','6.8','8',,,,,,,,,,,,,'3','4','4','2','4','3','3','4','4','4','3','3','5','00:02:32','4','3','punt 4 nog wat te veel woorden',,'4.7',,,,,,,,,'4.3','5',,,,,,,'8.3','5.9','8',,,,,,,,,,,,,,,,,,,'6.5',,,,,,,,,,,,,'7.3','6.2',,,,,,,,,,,,,'5.9','4.5','7.1',,,,
'106','18-11-2011 15:20:45','nl',,'18-11-2011 15:20:45','18-11-2011 14:52:56','131.224.251.104','-','12','50','1','6',,'3',,,,,,'1','6','8.3',,,,,,,,,,,,,,,,,,,,,,,'5','7.1','8.5',,,,,'5.2',,,,,,,,,,,'8','5.1',,,,,,,,,,,'4','7','8.4',,,,,,,,,,'5','5','5','4','5','4','2','3','4','2','2','2','4','00:03:45','5','5',,,'3.7',,,,,,,,,'8.2','4.1',,,,,,,'7.2','6','8',,,,,,,,,,,,,,,,,,,'6',,,,,,,,,,,,,'7.1','4.3',,,,,,,,,,,,,'6.9','4','8.1',,,,
'107','18-11-2011 15:16:40','nl',,'18-11-2011 15:16:40','18-11-2011 14:57:10','200.26.199.200','-','12','32','1','3',,'7',,,,,,'6','7','5.9',,,,,,,,,,,,,,,,,,,,,,,'8','8.2','4.7',,,,,'2.2',,,,,,,,,,,'3','5.8',,,,,,,,,,,'8.3','4.7','5.7',,,,,,,,,,'4','5','4','4','5','4','2','3','2','2','3','2','4','00:05:15','5','3',,,'2.8',,,,,,,,,'5.9','7.9',,,,,,,'6.5','6.7','5.7',,,,,,,,,,,,,,,,,,,'5.7',,,,,,,,,,,,,'7.9','4.4',,,,,,,,,,,,,'4.2','2.6','6.6',,,,
'108',,'nl',,'18-11-2011 16:17:55','18-11-2011 16:16:33','188.207.131.210','-','2','46','1','2',,'2',,'5.4',,,,,,,,,'6.5','8',,,,,,,,,,,,,,,,,,,,,,,,,,,,,,,,,,,,,,,,,,,,,,,,,,,,,,,,,,,,,,,,,,,,,,,,,,,,,,,,,,,,,,,,,,,,,,,,,,,,,,,,,,,,,,,,,,,,,,,,,,,,,,,,,,,,,,,,,,,,,,,,,,,,,,
'109',,'nl',,'20-11-2011 14:47:02','20-11-2011 14:46:28','88.159.96.203','-','3','27','2','-oth-',,'4',,,'5.6',,,,,,,,,,,,,,,,,,,,,,,,,,,,,,,,,,,,,,,,,,,,,,,,,,,,,,,,,,,,,,,,,,,,,,,,,,,,,,,,,,,,,,,,,,,,,,,,,,,,,,,,,,,,,,,,,,,,,,,,,,,,,,,,,,,,,,,,,,,,,,,,,,,,,,,,,,,,,,,
'110','21-11-2011 09:58:57','nl',,'21-11-2011 09:58:57','21-11-2011 09:40:10','188.204.182.254','-','4','33','1','2',,'2',,,,'4.5',,,,,,,,,,,'4.5','6.5',,,,,,,,,'4.5','5.5','6',,,,,,,,,,,,,,,'7',,,'6','5',,,,,,,,,'5','7','8',,,,,,,,,,,,,,,,'5','5','2','4','2','4','2','2','3','4','2','3','5','00:04:31','4','4',,'7',,,,,,,,'4','5.5',,,,,,,,,,,,,,,,,,,,,,,,'6','4','7.5',,,'3.5',,,,,,,,,,,,'5','4.5',,,,,,,,,,,,'6','8','7',,,,,,,
'111',,'nl',,'21-11-2011 10:30:39','21-11-2011 10:29:48','80.95.166.226','-','5','38','2','4',,'3',,,,,'2',,,,,,,,,,,,,,,,,,,,,,,,,,,,,,,,,,,,,,,,,,,,,,,,,,,,,,,,,,,,,,,,,,,,,,,,,,,,,,,,,,,,,,,,,,,,,,,,,,,,,,,,,,,,,,,,,,,,,,,,,,,,,,,,,,,,,,,,,,,,,,,,,,,,,,,,,,,,,
'112','21-11-2011 11:15:30','nl',,'21-11-2011 11:15:30','21-11-2011 10:35:55','194.104.32.132','-','5','59','1','4',,'3',,,,,'6.6',,,,,,,,,,,,'2.6','6.3',,,,,,,,,,'3.8','4.5','2.8',,,,,,,'1.6',,,,,,,,,,'1.9','4.7',,,,,,,,,,'1.5','4.5','5.9',,,,,,,,,,,,,'4','4','4','2','2','2','3','4','3','2','1','3','4','00:16:19','4','3','Over die bekende mensen, rolmodellen, zoals sporters e.d. Dat lijkt me wel een goede manier, omdat jongeren graag net zo als deze mensen willen zijn. Voorbeelden, niet drinken van alcohol in soaps.','5.3',,,,,,,,'2.2','5.7',,,,,,,,,,,,,,,,,,,,,,,,'6.2','1.8','8.1',,,'6.4',,,,,,,,,,,,'1.8','1.8',,,,,,,,,,,,'6.2','3.6','4.7',,,,,,,
'113','22-11-2011 15:50:51','nl',,'22-11-2011 15:50:51','22-11-2011 15:16:12','62.41.69.30','-','7','32','2','6',,'3','6.2',,,,,,,,'3','8.7',,,,,,,,,,,,,,,,,,,,,,,,'6','4.3','8.6',,,'9',,,,,,,,,,,,'5.9','5.9',,,,,,,,,,,,'7','5.9','6.4',,,,,,,'2','4','4','3','4','2','2','2','3','2','3','2','4','00:21:30','4','3',,,'3',,,,,,,,,'8.2','6.2',,,,,,,'7.8','5.3','4',,,,,,,,,,,,,,,,,,,'6.3',,,,,,,,,,,,,'8','6',,,,,,,,,,,,,'6.8','6.5','6.5',,,,
'114','22-11-2011 20:07:04','nl',,'22-11-2011 20:07:04','22-11-2011 19:38:58','24.132.90.226','-','8','48','1','-oth-','een regionale thuiszorgorganisatie','2',,'2.5',,,,,,,,,'6','8',,,,,,,'6','2.5','7.5',,,,,,,,,,,,,,,,,,,'3.5',,,,,,,,,,,,,'5','8.5',,,,,,,,,,,,,'1','6.5','8.5',,,,'5','4','3','4','4','4','2','3','2','5','1','2','5','00:00:11','5','5',,,'1.5',,,,,,,,,'6.5','1',,,,,,,'6.5','2','8.5',,,,,,,,,,,,,,,,,,,'1',,,,,,,,,,,,,'7.5','1',,,,,,,,,,,,,'2','4','8',,,,
'115','22-11-2011 23:19:26','nl',,'22-11-2011 23:19:26','22-11-2011 22:47:06','82.75.210.166','-','9','43','1','2',,'4',,,'8',,,,,,,,,,'7.5','4.5',,,,,,,,'8.5','6','9',,,,,,,,,,,,,,,,,'6',,'7','9',,,,,,,,,,,,,,,,,,,,,,,,,,'7','4','10','5','5','4','2','5','5','3','4','5','4','4','2','5','00:01:44','4','5',,,'7.5',,,,,,,,,'7','8.5',,,,,,,'5','5','5.5',,,,,,,,,,,,,,,,,,,'8',,,,,,,,,,,,,'8','5',,,,,,,,,,,,,'6','9','7',,,,
'116','23-11-2011 13:36:16','nl',,'23-11-2011 13:36:16','23-11-2011 12:59:33','129.125.171.49','-','10','38','2','2',,'6',,,,'6.5',,,,,,,,,,,'5','5',,,,,,,,,'4','2','5.8',,,,,,,,,,,,,,,'6.6',,,'5.5','4.8',,,,,,,,,'3','6','5',,,,,,,,,,,,,,,,'4','4','4','2','4','3','1','5','1','2','3','2','4','00:20:43','4','2','Telkens blijft naar voren komen dat mensen iets niet goed doen en dat iemand wel even zal voordoen hoe het moet. Dat zijn per definitie ''jeuksituaties''. Het woord ''model'' geeft al aan dat het geen echte persoon is, toch?',,'6.6',,,,,,,,,'2','3',,,,,,,'6','4','3',,,,,,,,,,,,,,,,,,,'6.5',,,,,,,,,,,,,'4.5','5.6',,,,,,,,,,,,,'3.5','3.5','2.5',,,,
'117','23-11-2011 19:23:15','nl',,'23-11-2011 19:23:15','23-11-2011 18:52:29','86.93.36.83','-','11','52','1','7',,'6',,,,,'4',,,,,,,,,,,,'4','6',,,,,,,,,,'6','5','4',,,,,,,'3',,,,,,,,,,'5','6',,,,,,,,,,'4.5','5.5','6',,,,,,,,,,,,,'4','5','4','4','3','3','1','2','4','2','2','1','4','00:09:08','4','4','In de samenvatting punt 3. ''vaardigheden en waargenomen vaardigheden van de doelgroep''; dat waargenomen is niet duidelijk en in mijn ogen door het voorgaande niet afdoende onderbouwd. Daarnaast wordt geadviseerd om gebruik te maken van rolmodellen die vaardigheden voordoen. Akkoord, maar hoe verhoudt zich dat tot de actieve leervormen die net daarvoor zijn voorgesteld?',,'2',,,,,,,,,'5','4',,,,,,,'6','5','7',,,,,,,,,,,,,,,,,,,'3',,,,,,,,,,,,,'5','2',,,,,,,,,,,,,'3','3','6',,,,
'118',,'nl',,'24-11-2011 15:00:04','24-11-2011 14:44:55','193.172.88.100','-','12','48','1','2',,'3',,,,,,'1.9','4.1','8.8',,,,,,,,,,,,,,,,,,,,,,,'5','9','6.2',,,,,'6.1',,,,,,,,,,,'8','6',,,,,,,,,,,'8.1','6','8',,,,,,,,,,'4','5','5','4','5','4','5','4','2','2','2','2','5','00:00:12',,,,,,,,,,,,,,,,,,,,,,,,,,,,,,,,,,,,,,,,,,,,,,,,,,,,,,,,,,,,,,,,,,,,,,,,,,,,
'119',,'nl',,'25-11-2011 10:31:08','25-11-2011 10:28:18','193.173.26.77','-','1','49','2','3',,'3','4',,,,,,,,'5','7',,,,,,,,,,,,,,,,,,,,,,,,'6.5','5.5','7',,,'6',,,,,,,,,,,,'7','5.5',,,,,,,,,,,,,,,,,,,,,,,,,,,,,,,,,,,,,,,,,,,,,,,,,,,,,,,,,,,,,,,,,,,,,,,,,,,,,,,,,,,,,,,,,,,,,,,,,,,,,,,,,,,,,,
'120',,'nl',,'27-11-2011 19:14:28','27-11-2011 19:10:50','145.7.224.14','-','2','31','1','-oth-','logopediepraktijk','4',,'7.7',,,,,,,,,'7.6','6.5',,,,,,,,,,,,,,,,,,,,,,,,,,,,,,,,,,,,,,,,,,,,,,,,,,,,,,,,,,,,,,,,,,,,,,,,,,,,,,,,,,,,,,,,,,,,,,,,,,,,,,,,,,,,,,,,,,,,,,,,,,,,,,,,,,,,,,,,,,,,,,,,,,,,,,
'121',,'nl',,'27-11-2011 23:21:13','27-11-2011 22:25:53','24.132.23.247','-','3','45','1','4',,'5',,,'7.5',,,,,,,,,,'5.1','6',,,,,,,,'3.3','5','8',,,,,,,,,,,,,,,,,'6.1',,,,,,,,,,,,,,,,,,,,,,,,,,,,,,,,,,,,,,,,,,,,,,,,,,,,,,,,,,,,,,,,,,,,,,,,,,,,,,,,,,,,,,,,,,,,,,,,,,,,,,,,,,,,,,,,,,,,,,,,,
'122','28-11-2011 09:51:01','nl',,'28-11-2011 09:51:01','28-11-2011 09:26:34','83.163.164.208','-','4','55','2','2',,'4',,,,'9',,,,,,,,,,,'6.8','8',,,,,,,,,'7.5','6.1','8.5',,,,,,,,,,,,,,,'8',,,'5','7.1',,,,,,,,,'6.3','7.1','8',,,,,,,,,,,,,,,,'5','5','5','4','4','2','1','2','4','4','4','4','5','00:03:23','5','5',,'8.1',,,,,,,,'6.5','8',,,,,,,,,,,,,,,,,,,,,,,,'6.8','6','9.1',,,'5.7',,,,,,,,,,,,'6.5','6.1',,,,,,,,,,,,'6','8.5','6.8',,,,,,,
'123',,'nl',,'30-11-2011 19:19:19','30-11-2011 19:19:19','188.207.66.183','-','5','50','1','2',,'1',,,,,,,,,,,,,,,,,,,,,,,,,,,,,,,,,,,,,,,,,,,,,,,,,,,,,,,,,,,,,,,,,,,,,,,,,,,,,,,,,,,,,,,,,,,,,,,,,,,,,,,,,,,,,,,,,,,,,,,,,,,,,,,,,,,,,,,,,,,,,,,,,,,,,,,,,,,,,,,,,,
'124',,'nl',,'05-12-2011 12:13:37','05-12-2011 12:05:42','62.177.178.114','-','6','57','2','1',,'2',,,,,,'1.4','2','2.5',,,,,,,,,,,,,,,,,,,,,,,'3.5','3.6','7',,,,,'4',,,,,,,,,,,'7.5','4',,,,,,,,,,,'3','4.5','7.5',,,,,,,,,,,,,,,,,,,,,,,,,,,,,,,,,,,,,,,,,,,,,,,,,,,,,,,,,,,,,,,,,,,,,,,,,,,,,,,,,,,,,,,,,,,,,,,,,,,
'125','05-12-2011 17:11:06','nl',,'05-12-2011 17:11:06','05-12-2011 16:34:50','80.79.101.100','-','7','55','2','-oth-','zorgverzekeraar','3','4',,,,,,,,'2','7',,,,,,,,,,,,,,,,,,,,,,,,'7','2','8',,,'2',,,,,,,,,,,,'5','6',,,,,,,,,,,,'8','7','4',,,,,,,'4','4','4','2','2','2','4','2','2','2','2','2','4','00:09:47','4','4','heb achtergrondstudies niet kunnen beoordelen, that''s all',,'2',,,,,,,,,'3','2',,,,,,,'8','5','8',,,,,,,,,,,,,,,,,,,'2',,,,,,,,,,,,,'8','2',,,,,,,,,,,,,'6','4','9',,,,
'126','07-12-2011 14:47:32','nl',,'07-12-2011 14:47:32','07-12-2011 14:17:41','131.224.251.104','-','8','45','1','6',,'3',,'7',,,,,,,,,'4','8.5',,,,,,,'5.5','4','8.5',,,,,,,,,,,,,,,,,,,'5.5',,,,,,,,,,,,,'6','8.5',,,,,,,,,,,,,'5.5','7.5','9',,,,'5','5','4','4','4','2','2','2','2','2','2','1','5','00:04:57','5','5',,,'2',,,,,,,,,'3','4',,,,,,,'7','6','9',,,,,,,,,,,,,,,,,,,'7.5',,,,,,,,,,,,,'6','4',,,,,,,,,,,,,'6.5','4','9',,,,
'127','07-12-2011 19:01:22','nl',,'07-12-2011 19:01:22','07-12-2011 18:46:06','86.93.180.84','-','9','61','2','7',,'5',,,'7',,,,,,,,,,'5.5','7.8',,,,,,,,'3.3','5.7','8.3',,,,,,,,,,,,,,,,,'7.2',,'5','8.1',,,,,,,,,,,,,,,,,,,,,,,,,,'3.7','6.3','7.5','4','4','4','5','5','4','2','4','5','2','4','3','4','00:01:35','4','4',,,'6.2',,,,,,,,,'7.1','6.6',,,,,,,'6','5.8','5.4',,,,,,,,,,,,,,,,,,,'4.7',,,,,,,,,,,,,'6.9','4.7',,,,,,,,,,,,,'7.1','6.4','6.9',,,,
'128','08-12-2011 17:13:11','nl',,'08-12-2011 17:13:11','08-12-2011 16:49:33','212.104.214.35','-','10','34','1','1',,'2',,,,'2.6',,,,,,,,,,,'5.3','8.5',,,,,,,,,'7.4','7.4','7.4',,,,,,,,,,,,,,,'5.6',,,'6.6','8.8',,,,,,,,,'6.9','4.9','8.8',,,,,,,,,,,,,,,,'4','5','5','4','4','3','2','2','4','2','2','2','4','00:01:56','4','5',,,'7.3',,,,,,,,,'5.5','7.2',,,,,,,'6.6','4.5','8.4',,,,,,,,,,,,,,,,,,,'4.3',,,,,,,,,,,,,'7.6','6.6',,,,,,,,,,,,,'5.6','6.3','7.7',,,,
'129','08-12-2011 17:04:57','nl',,'08-12-2011 17:04:57','08-12-2011 16:49:51','85.90.69.35','-','10','28','2','1',,'6',,,,'3.1',,,,,,,,,,,'4.2','7.7',,,,,,,,,'4.1','5.1','7.5',,,,,,,,,,,,,,,'3.9',,,'3.3','7.5',,,,,,,,,'4.1','6.1','7.8',,,,,,,,,,,,,,,,'5','4','5','4','2','2','2','3','3','2','1','2','5','00:01:49','4','5',,,'3',,,,,,,,,'6.6','3.2',,,,,,,'4.8','6.1','8.1',,,,,,,,,,,,,,,,,,,'4.1',,,,,,,,,,,,,'6.5','4.3',,,,,,,,,,,,,'5.7','4','7',,,,
'130','16-12-2011 16:02:16','nl',,'16-12-2011 16:02:16','16-12-2011 15:33:02','80.113.166.110','-','12','49','1','3',,'1',,,,,,'2.6','5.5','2.7',,,,,,,,,,,,,,,,,,,,,,,'3.2','5','6.3',,,,,'4.6',,,,,,,,,,,'6.3','4.5',,,,,,,,,,,'4.8','3','6.9',,,,,,,,,,'5','4','5','4','4','2','1','4','3','2','1','2','5','00:08:27','4','3','De informatie gaat vooral over de voorbeeldfunctie die de modellen hebben, de voorlichtingsfunctie. Bij interventie hoort m.i. ook coaching van de doelgroep in het uitvoeren van het gewenste gedrag.',,'3.8',,,,,,,,,'5.4','3.4',,,,,,,'8.1','4.4','6',,,,,,,,,,,,,,,,,,,'3',,,,,,,,,,,,,'5.6','3.2',,,,,,,,,,,,,'4.2','4.2','6.7',,,,
'131',,'nl',,'21-12-2011 17:03:36','21-12-2011 11:18:22','83.80.68.69','-','1','30','1','1',,'2','3.1',,,,,,,,'5.5','5.7',,,,,,,,,,,,,,,,,,,,,,,,'6.2','4.5','8.5',,,'6.8',,,,,,,,,,,,'6.6','8.2',,,,,,,,,,,,'6.4','5','3',,,,,,,'4','5','5','4','4','2','2','3','2','2','1','2','4','00:04:27','4','4','deel van de informatie was al bij mij bekend, daar hoef ik dus niet meer voor overtuigd te worden, dat was ik al.','7',,,,,,,,'5.2','6.2',,,,,,,,,,,,,,,,,,,,,,,,'5.9','4.7','8',,,'7.8',,,,,,,,,,,,,,,,,,,,,,,,,,,,,,,,,,
'132','22-12-2011 16:25:44','nl',,'22-12-2011 16:25:44','22-12-2011 16:07:17','193.172.88.100','-','2','55','1','2',,'2',,'7.6',,,,,,,,,'8','5.1',,,,,,,'3.1','6.5','7.9',,,,,,,,,,,,,,,,,,,'8',,,,,,,,,,,,,'6.6','8.2',,,,,,,,,,,,,'5.7','7.5','6.4',,,,'4','4','4','4','4','2','3','4','3','1','2','2','4','00:03:39','4','5',,'7.8',,,,,,,,'6.1','7',,,,,,,,,,,,,,,,,,,,,,,,'7','6.1','7.2',,,'7.6',,,,,,,,,,,,'6','8',,,,,,,,,,,,'6.9','6.9','6.9',,,,,,,
'133','23-12-2011 09:58:56','nl',,'23-12-2011 09:58:56','23-12-2011 09:43:57','145.117.9.54','-','3','47','1','7',,'6',,,'5',,,,,,,,,,'7','5',,,,,,,,'5','6','7',,,,,,,,,,,,,,,,,'7',,'7','5',,,,,,,,,,,,,,,,,,,,,,,,,,'6','5','7','4','5','2','5','5','4','1','2','4','2','2','1','5','00:03:52','1','3','In de informatie/conclusies wordt geen link gelegd met de achtergrondkenmerken van de doelgroep. Ik kan mij niet voorstellen dat deze conclusies op alle bevolkingsgroepen van toepassing zijn. Bijvoorbeeld onderscheid naar opleiding ligt erg voor de hand.','6',,,,,,,,'5','5',,,,,,,,,,,,,,,,,,,,,,,,'6','5','7',,,'6',,,,,,,,,,,,'5','5',,,,,,,,,,,,'5','6','5',,,,,,,
'134','23-12-2011 14:10:35','nl',,'23-12-2011 14:10:35','23-12-2011 13:40:10','130.37.210.210','-','4','43','1','7',,'6',,,,'1',,,,,,,,,,,'4','6',,,,,,,,,'1.9','4.8','8',,,,,,,,,,,,,,,'5.5',,,'4.3','5.5',,,,,,,,,'3.2','5.5','7.6',,,,,,,,,,,,,,,,'5','5','5','5','5','2','2','5','4','4','2','1','5','00:07:11','5','4','ik heb de referenties nog niet gecheckt','5.5',,,,,,,,'1.4','1.9',,,,,,,,,,,,,,,,,,,,,,,,'2.5','1.1','8.2',,,'1',,,,,,,,,,,,'1.2','1.2',,,,,,,,,,,,'1.8','8.5','1.8',,,,,,,
'135',,'nl',,'27-12-2011 13:48:10','27-12-2011 13:36:07','93.92.99.115','-','5','28','2','4',,'3',,,,,'5.5',,,,,,,,,,,,'5.8','8.5',,,,,,,,,,'6','6','6.5',,,,,,,'7',,,,,,,,,,'8','7',,,,,,,,,,'5','6.5','8',,,,,,,,,,,,,'4','4','5','4','3','4','2','3','4','2','3','2','4',,,,,,,,,,,,,,,,,,,,,,,,,,,,,,,,,,,,,,,,,,,,,,,,,,,,,,,,,,,,,,,,,,,,,,,,,,,,,
'136','28-12-2011 10:00:25','nl',,'28-12-2011 10:00:25','28-12-2011 09:36:48','62.12.7.37','-','6','35','1','2',,'1',,,,,,'2','8.5','7',,,,,,,,,,,,,,,,,,,,,,,'6.4','5.1','7.3',,,,,'5.6',,,,,,,,,,,'8.5','5.6',,,,,,,,,,,'6.5','8.3','8.6',,,,,,,,,,'5','5','4','2','2','2','4','4','3','3','1','4','5','00:05:08','5','5',,'9.1',,,,,,,,'2.2','7.5',,,,,,,,,,,,,,,,,,,,,,,,'8.8','1.9','10',,,'2.3',,,,,,,,,,,,'2.5','2.5',,,,,,,,,,,,'5','10','2.3',,,,,,,
'137','02-01-2012 13:19:01','nl',,'02-01-2012 13:19:01','02-01-2012 12:42:16','130.37.210.210','-','7','30','1','-oth-','Universitair medisch centrum','6','4',,,,,,,,'6','6.5',,,,,,,,,,,,,,,,,,,,,,,,'6.8','5.6','7.8',,,'5.6',,,,,,,,,,,,'5.9','6.5',,,,,,,,,,,,'7.3','5.8','6',,,,,,,'5','5','4','3','3','3','4','4','4','2','2','2','4','00:07:07','5','5',,,'5.6',,,,,,,,,'6','5.9',,,,,,,'7','6.6','6.9',,,,,,,,,,,,,,,,,,,'7',,,,,,,,,,,,,'7.2','6',,,,,,,,,,,,,'6','6.5','7',,,,
'138','02-01-2012 13:10:52','nl',,'02-01-2012 13:10:52','02-01-2012 12:59:25','86.81.96.108','-','8','53','1','-oth-','school','1',,'1',,,,,,,,,'1','8',,,,,,,'5','1','7.5',,,,,,,,,,,,,,,,,,,'1',,,,,,,,,,,,,'1','8',,,,,,,,,,,,,'1','1','8',,,,'5','4','5','3','3','3','2','3','1','2','2','3','5','00:01:29','5','5',,,'1',,,,,,,,,'4.5','1',,,,,,,'8','1','7.5',,,,,,,,,,,,,,,,,,,'5.4',,,,,,,,,,,,,'6.7','1',,,,,,,,,,,,,'1','1','9',,,,
'139','02-01-2012 16:04:44','nl',,'02-01-2012 16:04:44','02-01-2012 15:31:11','188.201.252.98','-','9','40','1','-oth-','Een regionale (thuis) zorg organisatie','3',,,'4',,,,,,,,,,'8','5',,,,,,,,'5','8','10',,,,,,,,,,,,,,,,,'8',,'4.5','5',,,,,,,,,,,,,,,,,,,,,,,,,,'7','5','8.5','5','5','4','2','2','4','2','2','4','2','2','2','5','00:05:19','5','5',,,'1',,,,,,,,,'3','1',,,,,,,'8','8','4',,,,,,,,,,,,,,,,,,,'3',,,,,,,,,,,,,'8','1',,,,,,,,,,,,,'3','6','8',,,,
'140','04-01-2012 09:18:01','nl',,'04-01-2012 09:18:01','04-01-2012 08:45:20','83.83.7.144','-','10','30','1','7',,'6',,,,'2.2',,,,,,,,,,,'5','8.5',,,,,,,,,'8','7','7',,,,,,,,,,,,,,,'6',,,'6','8.5',,,,,,,,,'7','8','9',,,,,,,,,,,,,,,,'4','5','2','2','4','2','1','2','4','2','2','2','4','00:05:56','5','4','Ik ben wel overtuigd door de informatie, maar ben niet overtuigd dat dit de enige oplossing is.',,'5',,,,,,,,,'5','6',,,,,,,'6','8','7',,,,,,,,,,,,,,,,,,,'7',,,,,,,,,,,,,'8','7',,,,,,,,,,,,,'7','8','9',,,,
'141','04-01-2012 09:39:31','nl',,'04-01-2012 09:39:31','04-01-2012 08:59:30','80.112.194.236','-','11','37','2','1',,'2',,,,,'2',,,,,,,,,,,,'3.2','8.7',,,,,,,,,,'7.5','6','4.2',,,,,,,'5.4',,,,,,,,,,'2.9','5.6',,,,,,,,,,'5.5','6','7.8',,,,,,,,,,,,,'4','4','4','4','4','3','4','2','2','2','2','2','4','00:09:22','5','5',,,'2',,,,,,,,,'6.2','2.7',,,,,,,'7','4.8','8',,,,,,,,,,,,,,,,,,,'6.1',,,,,,,,,,,,,'6.7','5',,,,,,,,,,,,,'5','3.1','7.4',,,,
'142','04-01-2012 14:22:03','nl',,'04-01-2012 14:22:03','04-01-2012 13:56:57','80.112.194.236','-','12','35','1','2',,'2',,,,,,'1.6','6.7','1.4',,,,,,,,,,,,,,,,,,,,,,,'3','3.5','8.1',,,,,'4.6',,,,,,,,,,,'7','3.1',,,,,,,,,,,'2.7','5.8','7.8',,,,,,,,,,'5','5','4','5','4','1','4','2','2','2','2','2','4','00:05:37','5','5',,,'2.3',,,,,,,,,'6.5','1.5',,,,,,,'5.6','3.9','8.4',,,,,,,,,,,,,,,,,,,'3.4',,,,,,,,,,,,,'6.1','1.7',,,,,,,,,,,,,'3.5','2.1','7.9',,,,
'143','05-01-2012 14:16:50','nl',,'05-01-2012 14:16:50','05-01-2012 13:57:42','213.46.130.237','-','1','56','1','6',,'4','5',,,,,,,,'5','6.5',,,,,,,,,,,,,,,,,,,,,,,,'7','7','8.5',,,'7',,,,,,,,,,,,'5','6',,,,,,,,,,,,'7.5','5','5.5',,,,,,,'4','4','4','2','2','2','1','4','2','1','2','2','4','00:02:43','5','5',,'7.5',,,,,,,,'4.5','6.7',,,,,,,,,,,,,,,,,,,,,,,,'6','4.5','7.5',,,'6.5',,,,,,,,,,,,'7.1','5.6',,,,,,,,,,,,'7','8','8',,,,,,,
'144','05-01-2012 14:15:13','nl',,'05-01-2012 14:15:13','05-01-2012 14:01:08','139.63.22.78','-','2','33','1','-oth-',,'6',,'6',,,,,,,,,'6.5','6',,,,,,,'5','6','7.5',,,,,,,,,,,,,,,,,,,'3',,,,,,,,,,,,,'5.5','6.5',,,,,,,,,,,,,'5','6','7.5',,,,'5','5','5','4','4','2','1','3','2','2','1','1','5','00:02:56','4','3','Ik ben het minst overtuigd van het inzetten van rolmodellen als meest voor de hand liggend middel; zéker als dit wordt ingezet als het enige middel (en in de tekst wordt niet over andere aanvullende middelen gesproken).','6.5',,,,,,,,'4.5','5',,,,,,,,,,,,,,,,,,,,,,,,'3.5','3.5','6',,,'5.6',,,,,,,,,,,,'3','6.4',,,,,,,,,,,,'4','7','3',,,,,,,
'145','05-01-2012 14:39:08','nl',,'05-01-2012 14:39:08','05-01-2012 14:25:06','85.119.104.67','-','3','28','1','2',,'2',,,'3',,,,,,,,,,'6','3',,,,,,,,'3','4','7',,,,,,,,,,,,,,,,,'5',,'3','6',,,,,,,,,,,,,,,,,,,,,,,,,,'6','1','10','5','5','4','5','4','3','2','4','4','2','1','2','5','00:02:47','5','5',,'6.2',,,,,,,,'3','7.5',,,,,,,,,,,,,,,,,,,,,,,,'8.9','7.2','9',,,'2.4',,,,,,,,,,,,'7.1','2.2',,,,,,,,,,,,'2.1','7.9','6.6',,,,,,,
'146','06-01-2012 09:41:47','nl',,'06-01-2012 09:41:47','06-01-2012 09:15:20','85.119.104.67','-','4','31','1','2',,'2',,,,'1',,,,,,,,,,,'2.6','7',,,,,,,,,'1','7','7.5',,,,,,,,,,,,,,,'2',,,'2','5.5',,,,,,,,,'5','7','6',,,,,,,,,,,,,,,,'5','5','5','4','4','3','1','4','2','2','1','4','5','00:05:56','4','5',,'5.5',,,,,,,,'1','6',,,,,,,,,,,,,,,,,,,,,,,,'6','1','8',,,'1',,,,,,,,,,,,'5','3',,,,,,,,,,,,'6','7','5',,,,,,,
'147','06-01-2012 15:38:45','nl',,'06-01-2012 15:38:45','06-01-2012 15:23:25','217.123.248.177','-','5','23','1','-oth-','ik studeer aan de Hanzehogeschool in Groningen','1',,,,,'7',,,,,,,,,,,,'6.5','8.5',,,,,,,,,,'5.8','6.8','7.1',,,,,,,'7.9',,,,,,,,,,'7.1','7.9',,,,,,,,,,'6.9','7.2','8',,,,,,,,,,,,,'4','5','4','4','5','4','3','4','3','2','2','4','4','00:03:55','4','5',,'6.5',,,,,,,,'5.6','7.6',,,,,,,,,,,,,,,,,,,,,,,,'7.7','6','8',,,'5.9',,,,,,,,,,,,'7.4','8',,,,,,,,,,,,'7','7.8','7.4',,,,,,,
'148',,'nl',,'06-01-2012 16:47:27','06-01-2012 16:15:17','84.84.225.193','-','6','22','1','-oth-','Hanze Insituut voor Sportstudies','1',,,,,,'8','8.5','7',,,,,,,,,,,,,,,,,,,,,,,'5.5','10','8',,,,,'9',,,,,,,,,,,'8.5','7',,,,,,,,,,,'9','6.5','8.5',,,,,,,,,,'5','5','4','4','4','4','2','4','4','2','4','2','5','00:08:23','5','4','Ik ben van mening dat confrontatie zo af en toe nodig is om mensen bewust te maken van de risico''s die zij lopen als ze het huidige gedrag aanhouden. Ik coach mensen bij voeding en gedragsverandering en daarbij pas ik confrontatie ook wel eens toe. Risicocommunicatie is belangrijk, en in eerste instantie zou ik dit ook zo feitelijk mogelijk over willen brengen, maar als het niet goed doordringt zou ik eerder proberen mensen te confronteren zodat het wel doordringt.','6',,,,,,,,'1','8.5',,,,,,,,,,,,,,,,,,,,,,,,'8','3','10',,,'6.5',,,,,,,,,,,,,,,,,,,,,,,,,,,,,,,,,,
'149','08-01-2012 11:55:27','nl',,'08-01-2012 11:55:27','08-01-2012 11:31:13','86.93.166.18','-','7','53','1','-oth-','fysiotherapiepraktijk','1','4.4',,,,,,,,'4.3','6.3',,,,,,,,,,,,,,,,,,,,,,,,'5.1','4','7.8',,,'6.8',,,,,,,,,,,,'6.1','8.5',,,,,,,,,,,,'8.4','5.6','5.3',,,,,,,'5','5','4','3','3','4','2','3','2','2','1','1','5','00:03:56','5','5',,,'5.3',,,,,,,,,'6.9','6.2',,,,,,,'8','4.6','7',,,,,,,,,,,,,,,,,,,'5.5',,,,,,,,,,,,,'6.1','4.1',,,,,,,,,,,,,'3.2','4.1','8.6',,,,
'150','09-01-2012 09:07:17','nl',,'09-01-2012 09:07:17','09-01-2012 08:49:27','85.119.104.67','-','8','24','1','2',,'1',,'1.8',,,,,,,,,'3.5','6.6',,,,,,,'4.3','3','8.4',,,,,,,,,,,,,,,,,,,'2.2',,,,,,,,,,,,,'2.6','7',,,,,,,,,,,,,'6','4','7.6',,,,'5','5','4','1','2','3','1','2','2','1','1','2','5','00:02:27','4','5',,,'2.6',,,,,,,,,'6.4','1.2',,,,,,,'7','6.3','5',,,,,,,,,,,,,,,,,,,'5.1',,,,,,,,,,,,,'6.8','3.2',,,,,,,,,,,,,'2.8','2','7.6',,,,
'151','09-01-2012 10:36:08','nl',,'09-01-2012 10:36:08','09-01-2012 10:00:13','80.112.194.236','-','9','27','1','2',,'2',,,'3',,,,,,,,,,'7.5','3',,,,,,,,'3','5.5','9',,,,,,,,,,,,,,,,,'8',,'7.7','6',,,,,,,,,,,,,,,,,,,,,,,,,,'8','6.6','9','5','5','4','5','4','2','2','4','4','2','1','2','5','00:09:27','5','5',,,'3',,,,,,,,,'7','3',,,,,,,'7.6','6.2','8.8',,,,,,,,,,,,,,,,,,,'5.5',,,,,,,,,,,,,'7','3.3',,,,,,,,,,,,,'3.9','3.4','8.8',,,,
'152','09-01-2012 10:37:02','nl',,'09-01-2012 10:37:02','09-01-2012 10:09:17','194.121.12.73','-','10','28','1','4',,'3',,,,'4.6',,,,,,,,,,,'2.5','8.6',,,,,,,,,'6.8','6.5','6',,,,,,,,,,,,,,,'7',,,'7.4','6.2',,,,,,,,,'6','4.1','6.3',,,,,,,,,,,,,,,,'5','4','4','4','4','3','2','4','2','4','3','2','5','00:06:13','5','4','Wat je dacht is dus niet juist. dus dat is even je gedachten omzetten en dat heeft tijd nodig.',,'6',,,,,,,,,'5','4',,,,,,,'6.7','3.6','7.3',,,,,,,,,,,,,,,,,,,'4',,,,,,,,,,,,,'6','4.4',,,,,,,,,,,,,'6.7','4.3','8.1',,,,
'153',,'nl',,'09-01-2012 10:48:27','09-01-2012 10:48:27','62.177.205.242','-','11','57','1','2',,'4',,,,,,,,,,,,,,,,,,,,,,,,,,,,,,,,,,,,,,,,,,,,,,,,,,,,,,,,,,,,,,,,,,,,,,,,,,,,,,,,,,,,,,,,,,,,,,,,,,,,,,,,,,,,,,,,,,,,,,,,,,,,,,,,,,,,,,,,,,,,,,,,,,,,,,,,,,,,,,,,,,
'154',,'nl',,'09-01-2012 11:36:06','09-01-2012 11:17:11','188.200.195.193','-','12','24','1','3',,'3',,,,,,'4','6.4','7.5',,,,,,,,,,,,,,,,,,,,,,,'4.6','6.2','5.7',,,,,'5',,,,,,,,,,,'6.3','5.9',,,,,,,,,,,'6.1','5.3','7.6',,,,,,,,,,'5','4','2','4','4','2','1','5','2','2','2','4','5',,,,,,,,,,,,,,,,,,,,,,,,,,,,,,,,,,,,,,,,,,,,,,,,,,,,,,,,,,,,,,,,,,,,,,,,,,,,,
'155','10-01-2012 10:49:10','nl',,'10-01-2012 10:49:10','10-01-2012 10:14:14','85.119.104.67','-','1','35','1','2',,'2','7.9',,,,,,,,'6.7','8.1',,,,,,,,,,,,,,,,,,,,,,,,'8.4','6.2','8.1',,,'7.2',,,,,,,,,,,,'7.8','8.1',,,,,,,,,,,,'8','7.1','6.1',,,,,,,'5','4','5','4','4','3','3','4','4','4','2','2','5','00:08:54','4','4','Ik denk dat je in een soapserie best een bovenstaand scenario toe kunt passen (en dat is wel een bekende acteur) wat effect heeft.','6.7',,,,,,,,'7.5','8.7',,,,,,,,,,,,,,,,,,,,,,,,'9.1','7.2','8.8',,,'6.7',,,,,,,,,,,,'7.1','7',,,,,,,,,,,,'6.6','7.4','7.8',,,,,,,
'156','11-01-2012 10:15:51','nl',,'11-01-2012 10:15:51','11-01-2012 09:18:30','86.89.70.242','-','2','27','1','2',,'2',,'7',,,,,,,,,'7','8',,,,,,,'5.9','8.4','8.1',,,,,,,,,,,,,,,,,,,'6.2',,,,,,,,,,,,,'6.1','7.6',,,,,,,,,,,,,'6.2','7.7','7.2',,,,'4','4','5','4','4','4','2','4','4','2','4','2','4','00:31:12','4','4','De manier hoe de informatieoverdracht is opgebouw; verwijzen naar recente literatuur, interviews en resulaten. Met daarna korte samenvatting en hoe men het beste te werk zou kunnen gaan.','6.2',,,,,,,,'6.3','7.5',,,,,,,,,,,,,,,,,,,,,,,,'6.6','6.1','8.8',,,'6.6',,,,,,,,,,,,'8.2','7.1',,,,,,,,,,,,'7.2','8.4','7',,,,,,,
'157','11-01-2012 13:40:51','nl',,'11-01-2012 13:40:51','11-01-2012 12:58:14','188.200.72.137','-','3','35','1','3',,'1',,,'6.1',,,,,,,,,,'6.3','4.5',,,,,,,,'4.6','6.5','7.9',,,,,,,,,,,,,,,,,'7.8',,'5.1','8.1',,,,,,,,,,,,,,,,,,,,,,,,,,'6.3','4.3','8','5','4','3','4','4','4','2','4','4','4','2','2','4','00:04:58','5','4',,'7.6',,,,,,,,'6','7.3',,,,,,,,,,,,,,,,,,,,,,,,'7.6','6.1','8.4',,,'5.9',,,,,,,,,,,,'6.1','8.3',,,,,,,,,,,,'4.2','7.1','6',,,,,,,
'158','12-01-2012 16:44:50','nl',,'12-01-2012 16:44:50','12-01-2012 16:26:48','193.173.73.146','-','4','54','1','4',,'3',,,,'3',,,,,,,,,,,'6','7',,,,,,,,,'7','4.1','7',,,,,,,,,,,,,,,'5',,,'7','5',,,,,,,,,'3','7','6',,,,,,,,,,,,,,,,'5','4','5','4','5','4','2','4','2','2','2','2','5','00:04:33','5','4','communicatie op een neutrale en feitelijke manier is vaak te saai om mensen aan te spreken nmm zijn er toch altijd beelden nodig','9',,,,,,,,'4.1','7',,,,,,,,,,,,,,,,,,,,,,,,'6.1','3','9',,,'6.2',,,,,,,,,,,,'6.1','4.3',,,,,,,,,,,,'8.8','7.4','6.7',,,,,,,
'159',,'nl',,'12-01-2012 23:39:07','12-01-2012 23:38:33','81.68.129.18','-','5','45','1','2',,'1',,,,,,,,,,,,,,,,,,,,,,,,,,,,,,,,,,,,,,,,,,,,,,,,,,,,,,,,,,,,,,,,,,,,,,,,,,,,,,,,,,,,,,,,,,,,,,,,,,,,,,,,,,,,,,,,,,,,,,,,,,,,,,,,,,,,,,,,,,,,,,,,,,,,,,,,,,,,,,,,,,
'160','13-01-2012 10:22:06','nl',,'13-01-2012 10:22:06','13-01-2012 09:32:19','193.173.73.146','-','6','57','2','4',,'3',,,,,,'7','4','7.5',,,,,,,,,,,,,,,,,,,,,,,'3.5','7.5','8',,,,,'5.5',,,,,,,,,,,'6','7.5',,,,,,,,,,,'6','4.5','4.5',,,,,,,,,,'4','5','4','4','4','4','2','3','4','3','2','2','4','00:14:01','4','5',,'6.5',,,,,,,,'3.5','7.5',,,,,,,,,,,,,,,,,,,,,,,,'6.5','3.5','8',,,'5',,,,,,,,,,,,'5','3.5',,,,,,,,,,,,'4','8','6',,,,,,,
'161','13-01-2012 12:27:05','nl',,'13-01-2012 12:27:05','13-01-2012 11:06:08','80.112.194.236','-','7','45','1','2',,'1','3.4',,,,,,,,'3.2','6.9',,,,,,,,,,,,,,,,,,,,,,,,'5','3.9','9.2',,,'1.7',,,,,,,,,,,,'5.6','4.9',,,,,,,,,,,,'8.8','5.2','2.7',,,,,,,'4','5','4','3','3','2','2','4','2','3','2','1','4','00:28:59','5','4','Wat je misschien beter kunt doen is niet een model meenemen maar iemand uit de doelgroep zelf zijn/haar situatie laten vertellen en dan met de groep nadenken wat het gewenste reacties/gedrag zou zijn, en dit vervolgens met die persoon naspelen. Zo train je de groep zelf in bedenken van effectief gedrag en oefen je gelijk de vaardigheden met de doelgroep.',,'3',,,,,,,,,'9.2','1.5',,,,,,,'6.6','3','8.3',,,,,,,,,,,,,,,,,,,'2.6',,,,,,,,,,,,,'9.3','2.1',,,,,,,,,,,,,'1.6','4','6.9',,,,
'162','15-01-2012 17:36:59','nl',,'15-01-2012 17:36:59','15-01-2012 17:06:00','87.211.83.116','-','8','36','1','2',,'2',,'5.1',,,,,,,,,'4','7.1',,,,,,,'4.4','5.1','6.1',,,,,,,,,,,,,,,,,,,'5.1',,,,,,,,,,,,,'5.3','8.3',,,,,,,,,,,,,'6.3','7.1','5.6',,,,'4','5','4','4','4','4','2','5','4','2','2','2','4','00:10:52','4','3','De informatie staat er vrij stellig. Ik kan me voorstellen dat het soms genuanceerder is. Bijv gebruik van rolmodellen..en hierbij geen gebruik te maken van acteurs. Voor een bepaalde doelgroep kan dit volgens mij wel werken',,'4.9',,,,,,,,,'5.6','6.3',,,,,,,'6','6.1','6.3',,,,,,,,,,,,,,,,,,,'8.2',,,,,,,,,,,,,'5.9','5.2',,,,,,,,,,,,,'5.2','5.8','7.3',,,,
'163','16-01-2012 12:05:51','nl',,'16-01-2012 12:05:51','16-01-2012 11:15:48','87.211.83.116','-','9','37','2','2',,'7',,,'5.5',,,,,,,,,,'7.4','4',,,,,,,,'6.7','2.6','7.5',,,,,,,,,,,,,,,,,'3.2',,'6','6',,,,,,,,,,,,,,,,,,,,,,,,,,'5','2.2','8','5','5','4','4','4','2','2','2','2','2','2','2','4','00:12:23','4','4',,,'1.3',,,,,,,,,'6.3','2.7',,,,,,,'5.7','7','7.3',,,,,,,,,,,,,,,,,,,'2.2',,,,,,,,,,,,,'6.5','1.6',,,,,,,,,,,,,'6','2.9','7.1',,,,
'164','16-01-2012 12:18:15','nl',,'16-01-2012 12:18:15','16-01-2012 11:44:41','62.177.205.242','-','10','30','1','2',,'3',,,,'4',,,,,,,,,,,'3','8',,,,,,,,,'7','6.5','6',,,,,,,,,,,,,,,'8',,,'5','7',,,,,,,,,'7','7.3','8',,,,,,,,,,,,,,,,'4','5','5','4','4','4','2','5','4','2','2','2','4','00:10:53','4','4',,,'2',,,,,,,,,'7.5','3',,,,,,,'6','7','7.5',,,,,,,,,,,,,,,,,,,'8',,,,,,,,,,,,,'7.5','4',,,,,,,,,,,,,'3.4','3','7',,,,
'165','31-01-2012 14:29:33','nl',,'31-01-2012 14:29:33','31-01-2012 14:03:46','86.88.144.210','-','11','48','1','2',,'2',,,,,'9',,,,,,,,,,,,'3.2','9',,,,,,,,,,'7','9','3',,,,,,,'4',,,,,,,,,,'4','8',,,,,,,,,,'5','8','8.5',,,,,,,,,,,,,'5','5','4','4','4','2','4','4','4','2','1','2','5','00:04:37','5','5',,,'4',,,,,,,,,'5','4',,,,,,,'7.1','5','9.1',,,,,,,,,,,,,,,,,,,'5.1',,,,,,,,,,,,,'8.5','4',,,,,,,,,,,,,'3.1','3.1','8',,,,
'166',,'nl',,'12-04-2012 15:00:46','12-04-2012 15:00:46','159.46.2.71','-','12','29','1','2',,'1',,,,,,,,,,,,,,,,,,,,,,,,,,,,,,,,,,,,,,,,,,,,,,,,,,,,,,,,,,,,,,,,,,,,,,,,,,,,,,,,,,,,,,,,,,,,,,,,,,,,,,,,,,,,,,,,,,,,,,,,,,,,,,,,,,,,,,,,,,,,,,,,,,,,,,,,,,,,,,,,,,
